1033032,8,429,301,s_sw1_waterwheel01,1048576,1024x1024
1013760,11,384,240,s_qback,,
921600,10,384,240,s_tnn_papers,,
829440,9,384,240,s_mg_puzzlelock_interface,,
688128,8,336,256,s_dth_processor01,,
670640,20,166,202,s_corpseblossom_flower01,,
583680,8,304,240,s_dth_beastTraction01,,
564480,1,672,840,s_pedestrian_tnn01,1,
553554,162,67,51,s_koboldLarge_head,1,
497664,12,288,144,s_mg_vrw_backdrops,1,
438669,11,211,189,s_hugebrainalien,,
387072,42,96,96,s_bugflower_mimic,1,
334080,20,72,232,s_dth_column_zauber01,,
324000,75,72,60,s_alienMenace_med,1,
321708,57,68,83,s_oozeMan,1,
320436,43,108,69,s_hoopz_punched,,
282624,46,64,96,s_tengu_crossbow,1,
276480,3,384,240,s_m_frame,,
276480,3,384,240,s_ustation_border,,
275184,1,441,624,__newsprite2654,,
265200,39,100,68,s_governor_body_transfer01,,
262144,1,512,512,s_light_512,1,
258720,16,147,110,s_catfish_large_pipe,,
258048,28,96,96,s_catfish_large_body,,
238075,25,89,107,s_wizardPlay01,,
216480,6,220,164,s_corpseblossom_base01,,
204624,14,168,87,s_cts_container01,,
199680,4,240,208,s_dth_furnace01,,
193256,17,56,203,s_dth_column_chain02,,
192512,47,64,64,s_enemy_editor,,
181584,24,97,78,s_weddingCouple01,,
179712,39,72,64,s_koboldLarge_body,1,
174080,34,64,80,s_pdt_zorro01,,
172032,24,64,112,s_pdt_phileass01,,
170496,37,64,72,s_proboscisMiner3,,
169728,3,221,256,s_ustation_brain_OLD,1,
165888,18,64,144,s_pdt_biotek_cryotube_doors01,,
159744,26,96,64,s_werecroc,1,
158400,32,90,55,s_gutterhound01,,
158158,14,79,143,s_oilDrumExplode,,
151200,14,120,90,s_polyPlay01,,
147456,16,96,96,s_catfish_large_fin,,
147200,20,92,80,s_governor_chair01,,
145920,38,48,80,s_mg_booty_tv,1,
138240,15,96,96,s_effect_explo_96,,
131072,8,128,128,s_mg_booty_light_flash,,
131072,2,256,256,s_scanline,1,
129024,1,1008,128,s_door_slab01,,
128000,20,80,80,s_pdt_dracula_disappear01,,
128000,20,80,80,s_pdt_dracula01,,
124032,34,57,64,s_enemy_crabotron_head,,
122880,10,128,96,s_proboscisMiner2,,
121800,1,350,348,s_karmytic_wheel,,
119040,31,80,48,s_mg_organ_hubert_skin,,
116960,17,86,80,s_sewerBeast_large,,
115640,10,118,98,s_corpseblossom_root01,,
115444,38,62,49,s_mg_printerShredder01,,
115200,1,400,288,s_dth_pentagram01,,
115200,1,400,288,s_dth_pentagram03,,
114688,28,64,64,s_uschi02,,
110592,27,64,64,s_katsu01,,
107068,26,58,71,s_pdt_baby01,,
105056,32,49,67,s_koboldMedium_body,,
103684,4,161,161,s_sw1_cogLarge,,
103180,35,44,67,s_pdt_biotek_benhur_computer01,,
102400,1,400,256,s_dth_pentagram02,,
98304,24,64,64,s_weresnail,,
95040,8,108,110,s_mg_booty_light_hyacinth,,
93000,30,62,50,s_sewerbeastpet01,,
92160,20,64,72,s_catfish_mounted,,
92160,1,384,240,s_effect_flash_overlay,,
92160,1,384,240,s_mg_creepypasta_scare_canister,,
92160,1,384,240,s_mg_creepypasta_scare_grass,,
92160,1,384,240,s_mg_creepypasta_scare_lawnmower,,
92160,1,384,240,s_mg_psychicvision_test,,
92160,1,384,240,s_mg_puzzlelock_backdrop,,
92160,1,384,240,s_mg_star_console,,
90880,20,64,71,s_port_capnJanePlay01,,
90828,18,87,58,s_werecroc_swim,,
90000,1,300,300,s_mg_booty_light_pattern,,
88987,23,53,73,s_koboldPhilosopher,,
88000,2,200,220,s_boss_crabcommander_body,,
87210,34,45,57,s_ooze01,,
84660,15,68,83,s_oozeMan_tempDeath,,
84429,3,177,159,s_input,,
82944,9,96,96,s_effect_affix_partitioning,,
82560,16,60,86,s_cdwarfHeadAppear01,,
80730,13,90,69,s_duergarBruteA,,
80325,51,35,45,s_dnet_avatar_default,1,
80300,1,275,292,brainCityEntrance01,,
78624,3,144,182,s_junkpile_huge02,,
77616,7,66,168,s_effect_splash_tall,,
77531,31,41,61,s_vikingstadMortgage01,,
76800,15,64,80,s_MBlast,,
74640,1,311,240,sMiniMech,,
73728,48,48,32,s_koboldSmall_head,,
73728,48,48,32,s_koboldSmall_head_red,1,
73728,18,64,64,s_variableBrandish01,,
73728,18,64,64,s_mg_booty_light_adoration,,
73728,4,96,192,s_dth_column_furnace01,,
73728,1,384,192,s_mg_document_frame,,
73728,1,384,192,s_mg_document_frame_challenges,,
73440,20,54,68,s_HoopzDeathGrayscale,,
73000,20,50,73,s_pdt_geppetto_turn04,,
70992,18,68,58,s_abdul_gafur01,,
70080,20,48,73,s_pdt_geppetto_turn03,,
70000,20,50,70,s_pdt_geppetto_turn02,,
69888,26,48,56,s_dancer01,,
69632,1,256,272,s_ustation_screenglass,,
69120,4,144,120,s_mg_booty_light_tv,,
67230,15,54,83,s_dinahPlay01,,
67200,20,48,70,s_pdt_geppetto_turn01,,
65550,5,95,138,s_dolvolund01,,
65536,16,64,64,s_effect_franciumExplo,,
65536,16,64,64,s_GatlingGun,,
65536,16,64,64,s_GatlingGun_Anim,,
65536,16,64,64,s_Minigun,,
65536,16,64,64,s_Minigun_Anim,,
65536,16,64,64,s_Mitrailleuse,,
65536,16,64,64,s_GatlingGun_Spots,,
65536,16,64,64,s_Minigun_Spots,,
65536,16,64,64,s_Mitrailleuse_Spots,,
64872,24,51,53,s_slag_idle01,,
62720,14,64,70,s_zalmoxisPlay01,,
62586,19,61,54,s_crosswordguys01,,
62208,3,144,144,s_junkpile_huge01,,
62208,3,144,144,s_junkpile_huge03,,
62208,3,144,144,s_junkpile_huge04,,
62208,3,144,144,s_junkpile_huge05,,
62208,3,144,144,s_junkpile_huge06,,
62208,3,144,144,s_junkpile_huge07,,
62208,3,144,144,s_junkpile_simple_huge01,,
62060,1,290,214,s_ustation_background_tron_gradient,,
61272,37,36,46,s_duergarWizard,,
60912,8,81,94,s_garciaPlay01,,
60840,13,72,65,s_werecroc_snap,,
60680,10,74,82,s_waynePlay01,,
60032,16,67,56,s_hildeberga02,,
59760,2,166,180,sIdentity,,
58050,3,129,150,s_ustation_brain,,
57876,1,318,182,s_resume_paper,,
57624,28,49,42,s_catfish_small,,
57624,28,49,42,s_catfish_small_poison,,
57600,20,48,60,s_masego01,,
57564,36,39,41,s_cgremMed_leg,,
56320,1,880,64,s_door_garage01,,
55296,18,48,64,s_mg_creepypasta_computer,,
55296,1,384,144,s_mg_knocking_sheet,,
54000,1,270,200,s_dnet_loading,,
53248,13,64,64,s_sewerBeast_young,,
53248,13,64,64,s_bull_francium,,
53248,1,208,256,s_dojo01,,
52250,10,95,55,s_kimPunch,,
52224,1,816,64,s_door_tech01,,
51744,84,28,22,s_cgremlin_torso,1,
51606,18,61,47,s_cow02,,
51606,18,61,47,s_cow03,,
51408,14,54,68,s_cts_hoopzGetUp,,
50224,16,43,73,s_bugflower_plant,,
49952,1,223,224,s_hilltop_grass01,,
49920,13,48,80,s_pdt_dondiego01,,
49728,1,224,222,s_effect_candle_light,,
49588,2,161,154,s_catfish_queen,,
48384,3,112,144,s_tree_dead06,,
48384,3,112,144,s_tree_snow01,,
48384,1,224,216,s_mg_identity_hoopz,,
48336,8,114,53,s_tnn_cuthbertStoresign,,
48000,1,240,200,sMiniScoop,,
47971,7,77,89,s_spirit_samurai_slash,,
47040,15,98,32,s_b_back,,
47040,15,98,32,s_caption,,
46854,3,114,137,s_junkpile_large04,,
46854,3,114,137,s_junkpile_large05,,
46854,3,114,137,s_junkpile_large06,,
46656,1,216,216,s_mg_identity_cc,,
46080,30,32,48,s_kingUntamo,,
46080,5,64,144,s_pdt_phileass_tube01,,
45900,27,34,50,__newsprite2527,,
45900,9,85,60,s_proboscisMiner1,,
44704,1,176,254,s_robotHotel01,,
44064,12,54,68,s_enemy_crabotron_leg,,
44064,12,54,68,s_enemy_crabotron_leg_shadow,,
44064,3,102,144,s_tree_dead_water01,,
44064,3,102,144,s_tree_dead04,,
44064,3,102,144,s_tree_dead05,,
43680,3,112,130,s_junkpile_large02,,
43680,3,112,130,s_junkpile_large03,,
42048,6,73,96,s_growth_elemental01,,
41472,9,72,64,s_kalevi02,,
41472,4,96,108,s_mg_booty_light_tv2,,
40960,10,64,64,s_cts_singing,,
40960,8,80,64,s_bootybassdoor01,,
40937,13,47,67,s_pdt_biotek_benhur01,,
40824,12,63,54,s_cow01,,
40800,2,240,85,s_mg_creepypasta_backdrop,,
40545,15,51,53,s_cts_slag_shoot,,
40293,33,33,37,s_mortimer01,,
40293,3,111,121,s_junkpile_large07,,
40257,7,81,71,s_governor_window_break01,,
40040,14,44,65,s_enemy_crabbold_head,,
40000,1,200,200,s_mg_booty_light_cross,,
40000,1,200,200,s_mg_booty_light_star,,
39168,1,288,136,s_mg_star_vista,,
39060,15,42,62,s_station1front,,
39060,15,42,62,s_station1,,
39000,40,39,25,s_cgremMed_head,,
38940,1,220,177,s_toglogo,,
37450,1,214,175,s_crag_dry06,,
36992,8,68,68,s_junkbot_larm_chainsaw_mask,,
36992,8,68,68,s_junkbot_rarm_chainsaw_mask,,
36864,36,32,32,s_dnet_backdrop02,1,
36864,16,48,48,s_Revolver,,
36864,16,48,48,s_Magnum,,
36864,16,48,48,s_Magnum_Anim,,
36864,16,48,48,s_FlareGun,,
36864,16,48,48,s_Rifle,,
36864,16,48,48,s_Musket,,
36864,16,48,48,s_HuntRifle,,
36864,16,48,48,s_TranqRifle,,
36864,16,48,48,s_Sniper,,
36864,16,48,48,s_Sniper_Special1,,
36864,16,48,48,s_AssaultRifle,,
36864,16,48,48,s_HeavyMg,,
36864,16,48,48,s_RevShotgun,,
36864,16,48,48,s_RevShotgun_Anim,,
36864,16,48,48,s_ElephantGun,,
36864,16,48,48,s_Crossbow_Gun,,
36864,16,48,48,s_Crossbow_Bolt,,
36864,16,48,48,s_Rocket,,
36864,16,48,48,s_AssaultRifle_Spots,,
36864,16,48,48,s_Crossbow_Spots,,
36864,16,48,48,s_Elephantgun_Spots,,
36864,16,48,48,s_Flaregun_Spots,,
36864,16,48,48,s_HeavyMG_Spots,,
36864,16,48,48,s_HuntRifle_Spots,,
36864,16,48,48,s_Magnum_Spots,,
36864,16,48,48,s_Musket_Spots,,
36864,16,48,48,s_Revolver_Spots,,
36864,16,48,48,s_RevShotgun_Spots,,
36864,16,48,48,s_Rifle_Spots,,
36864,16,48,48,s_Rocket_Spots,,
36864,16,48,48,s_Sniper_Spots,,
36864,16,48,48,s_TranqGun_Spots,,
36864,3,96,128,s_tree_live_wall02b,,
36720,17,36,60,s_kunigunde01,,
36720,10,54,68,s_HoopzDeath,,
36672,1,192,191,s_crag_snow04,,
36480,24,40,38,s_koboldMedium_head,,
36162,18,41,49,s_duergar_arms,,
36120,7,60,86,s_cdwarfTalk01,,
36096,3,94,128,s_tree_live_wall02_old,,
36064,1,161,224,s_fencePrison01,,
35840,5,64,112,s_pdt_unclesam01,,
35720,10,76,47,s_lugnerShot01,,
35568,9,52,76,s_tengu_diver,,
35530,1,187,190,s_mg_creepypasta_spook,,
35328,3,92,128,s_tree_live01,,
35328,3,92,128,s_tree_live_small01,,
35200,16,44,50,s_HoopzFootsteps,,
35200,16,44,50,s_HoopzTorso_Armless,,
35200,16,44,50,s_HoopzTorsoAim,,
35200,16,44,50,s_HoopzTorso_Rocket_Back,,
35200,16,44,50,s_HoopzTorso_Rocket_Front,,
35200,16,44,50,s_HoopzTorso_Handgun_Front,,
35200,16,44,50,s_HoopzTorso_Handgun_Back,,
35200,16,44,50,s_HoopzTorso_Rifle_Front,,
35200,16,44,50,s_HoopzTorso_Rifle_Back,,
35200,16,44,50,s_HoopzTorso_Heavy_Front,,
34560,9,48,80,s_pdt_dondiego_parts01,,
34300,7,50,98,s_campfire01,,
34200,1,380,90,s_diag_mystery_backdrop,,
33792,12,64,44,s_governor_sniff01,,
32768,8,64,64,s_variableDown01,,
32768,8,64,64,s_net,,
32768,8,64,64,s_junkbot_body_armoured,,
32768,8,64,64,s_junkbot_body_barrel,,
32768,8,64,64,s_junkbot_body_engine,,
32768,8,64,64,s_junkbot_body_pipes,,
32768,8,64,64,s_junkbot_body_regular,,
32768,8,64,64,s_junkbot_body_thin,,
32768,8,64,64,s_junkbot_body_tv,,
32768,8,64,64,s_junkbot_head_can,,
32768,8,64,64,s_junkbot_head_frankie,,
32768,8,64,64,s_junkbot_head_gasmask,,
32768,8,64,64,s_junkbot_head_propeller,,
32768,8,64,64,s_junkbot_head_scifi,,
32768,8,64,64,s_junkbot_head_walle,,
32768,8,64,64,s_junkbot_larm_chainsaw,,
32768,8,64,64,s_junkbot_larm_flamethrower,,
32768,8,64,64,s_junkbot_larm_missilepod,,
32768,8,64,64,s_junkbot_larm_polluter,,
32768,8,64,64,s_junkbot_larm_shield,,
32768,8,64,64,s_junkbot_legs_threads,,
32768,8,64,64,s_junkbot_legs_tires,,
32768,8,64,64,s_junkbot_legs_washingmachine,,
32768,8,64,64,s_junkbot_rarm_chainsaw,,
32768,8,64,64,s_junkbot_rarm_flamethrower,,
32768,8,64,64,s_junkbot_rarm_missilepod,,
32768,8,64,64,s_junkbot_rarm_polluter,,
32768,8,64,64,s_junkbot_rarm_shield,,
32768,2,128,128,s_zauberCasting_circle,,
32768,1,512,64,s_door_undersewer01,,
32704,8,56,73,s_pdt_geppetto_birthday01,,
32604,19,39,44,s_zenobia01,,
32400,3,270,40,s_dnet_button_thread,,
32300,19,34,50,__newsprite2613,,
32256,21,48,32,s_pythagorasScreen01,,
32256,3,112,96,s_junkpile_large01,,
32256,3,112,96,s_junkpile_simple_large01,,
32256,2,144,112,s_mg_organ_hubert_body,,
31959,9,67,53,s_jeanmarcSleep01,,
31824,24,39,34,s_koboldspet01,,
31464,18,38,46,s_rumi01,,
31433,17,43,43,s_mg_booty_hoopz_spinning,,
31104,12,48,54,s_laffertyComputer01,,
30880,2,80,193,s_boss_crabcommander_leg_SW_prev,,
30720,8,48,80,s_pdt_yellowkid01,,
30720,8,80,48,s_mg_fishing_hoopz,,
30720,3,80,128,s_tree_dead07,,
30720,3,80,128,s_tree_snow02,,
30720,1,192,160,s_duergarBuilding01,,
30600,18,34,50,__newsprite2313,,
30600,18,34,50,__newsprite2443,,
30051,3,159,63,sMiniDanmakuTitle,,
29952,3,78,128,s_tree_live_wall01_old,,
29952,3,78,128,s_tree_live_wall01,,
29792,1,133,224,s_fencePrison02,,
29640,10,57,52,s_drLiuLever01,,
29600,8,100,37,s_sewerBeast_slash,,
29568,48,28,22,s_cgremlin_head,1,
29232,2,168,87,s_cts_container02,,
29160,9,72,45,s_pax_sviatoslav01,,
28672,4,64,112,s_pdt_phileass_walk01,,
28270,257,10,11,s_fn_2_jp,1,
28140,10,42,67,s_pdt_donald01,,
27744,6,68,68,s_Flash5,,
27676,17,37,44,s_moriarty01,,
27648,12,48,48,s_effect_explo_48,,
27200,16,34,50,__newsprite2461,,
26880,7,48,80,s_tv_anim,,
26880,6,64,70,s_zalmoxis01,,
26880,3,80,112,s_tree_dead_water02,,
26880,3,80,112,s_tree_dead03,,
26460,6,70,63,s_effect_splash_big,,
25960,10,59,44,s_effect_affix_composting,,
25920,5,72,72,s_corpseblossom_cluster01,,
25803,9,47,61,s_back0,,
25600,4,80,80,s_sw1_cogMed,,
25600,4,80,80,s_pdt_chesire01,,
25500,3,250,34,s_dnet_button_vote_option,,
25056,1,144,174,s_fencePrison03,,
25024,23,32,34,s_aquarium01,,
25000,5,50,100,s_mg_creepypasta_torch,,
24960,12,40,52,s_yordano_patrol,,
24816,6,188,22,s_button_hover,,
24576,6,64,64,s_bull_franciumGone,,
24576,4,96,64,s_pdt_cowardly_lion01,,
24576,4,64,96,s_mg_organ_hubert_head,,
24480,3,160,51,sMiniFlim,,
24299,11,47,47,s_vanboekel01,,
24192,2,168,72,s_chu_crustBody01,,
24111,9,47,57,s_absalom01,,
23940,5,76,63,s_ustation_resistance,,
23800,14,34,50,__newsprite2487,,
23800,14,34,50,__newsprite2619,,
23780,10,41,58,s_onslow01,,
23760,8,54,55,s_hyacinth01,,
23232,1,132,176,sGallery,,
23120,5,68,68,s_Flash,,
23040,4,96,60,sMiniSwordbaneTitle,,
23040,3,80,96,s_junkpile_average05,,
23040,1,160,144,s_crag_snow02,,
23040,1,192,120,sMiniHorseBG,,
22528,1,352,64,s_door_biotek01,,
22500,5,60,75,s_boss_mynthos_statue,,
22500,1,150,150,s_boss_crabcommander_leg_SW,,
22500,1,150,150,s_boss_crabcommander_leg_NW,,
22500,1,150,150,s_boss_crabcommander_leg_NE,,
22500,1,150,150,s_boss_crabcommander_leg_SE,,
22446,1,129,174,s_fencePrison04,,
22320,20,36,31,s_enemy_rat,,
22320,20,36,31,s_enemy_rat_cyber,,
22320,20,36,31,s_enemy_rat_dark,,
22320,3,80,93,s_junkpile_average02,,
22320,3,80,93,s_junkpile_average03,,
22200,1,111,200,s_ustation_biosapien,,
22100,13,34,50,__newsprite2585,,
21840,10,42,52,s_woodBarrel,,
21528,12,46,39,s_constantinePee01,,
21504,2,112,96,s_tnn_entrance_gate01,,
21504,1,192,112,s_crag_dry05,,
21420,17,36,35,s_gormlaith01,,
21200,10,40,53,s_dancer3,,
20868,12,37,47,s_guillaume01,,
20800,8,40,65,s_chu_elevatorBorker01,,
20790,7,54,55,s_turald01,,
20608,1,184,112,s_cdwarfMachine01,,
20480,20,32,32,s_mg_puzzlelock_slide_piece_2,,
20480,5,64,64,s_bull_scrollWeapon,,
20480,4,64,80,s_pdt_carmilla01,,
20480,1,128,160,s_machine_ll_pumpCollection01,,
20460,93,11,20,s_fn1,,
20460,93,11,20,s_fn1o,,
20460,93,11,20,s_fn12oc,,
20400,12,34,50,__newsprite2481,,
20286,7,161,18,s_highlight,,
19890,13,34,45,s_cts_peeling,,
19840,1,128,155,s_drainMachine01,,
19800,12,33,50,s_juicebox01,,
19712,7,44,64,s_sepideh01,,
19656,9,39,56,s_milagros01,,
19200,5,48,80,s_door_tnn_stairs01,,
19200,5,48,80,s_biotek_superCPU,,
19200,4,80,60,s_doorlight_ud,,
19200,3,80,80,s_junkpile_average06,,
19200,1,80,240,s_minesElevator01,,
19162,1,134,143,s_crag_dry02,,
19092,12,37,43,s_melqart_patrol,,
18816,3,128,49,sSewerBridge0lr,,
18816,3,49,128,sSewerBridge0,,
18816,2,168,56,s_cyberdwarfScreen01,,
18816,2,168,56,s_chu_crustScreen01,,
18700,11,34,50,__newsprite2551,,
18700,11,34,50,__newsprite2641,,
18648,12,37,42,s_burglecut_patrol,,
18480,11,30,56,s_irmingard01,,
18432,12,32,48,s_alienMenace_egg,,
18432,12,48,32,s_mg_organ_arrow,,
18432,8,48,48,s_tenguArrowExplode,,
18432,8,48,48,sMiniShape,,
18432,8,48,48,s_peeperDelmon,,
18432,3,64,96,s_tree_live_tiny01,,
18432,2,96,96,s_pdt_reagan01,,
18432,1,192,96,s_mg_captcha,,
18422,1,122,151,s_desertwell01,,
18144,12,36,42,s_puannum_patrol,,
18144,9,42,48,s_pvtmadison01,,
18144,7,54,48,s_boris01,,
18088,1,238,76,s_pdt_biotek_trail_of_blood01,,
18018,11,39,42,s_tatijana01,,
18000,3,80,75,s_junkpile_average01,,
17600,8,44,50,s_HoopzLegs,,
17600,8,44,50,s_cts_hoopz_stand,,
17600,8,44,50,s_cts_hoopzKneelHold,,
17600,8,44,50,s_HoopzClimb,,
17600,8,44,50,s_HoopzStagger,,
17600,8,44,50,s_HoopzTorsoSlack,,
17520,1,120,146,s_wall_broken12,,
17408,1,128,136,s_railing03,,
17200,8,43,50,s_ritkonen01,,
17176,2,113,76,s_tnn_gate01,,
17052,21,29,28,s_catfish_large_shield,,
17000,10,34,50,s_drLiu01,,
17000,10,34,50,__newsprite2637,,
16896,6,64,44,s_governor_crawl_left01,,
16896,6,64,44,s_governor_crawl_right01,,
16896,6,64,44,s_governor_crawlsniff_left01,,
16896,6,64,44,s_governor_crawlsniff_right01,,
16896,1,132,128,s_crag_dry04,,
16640,5,52,64,s_bootySlayer01,,
16500,11,30,50,s_clive01,,
16384,16,32,32,s_temptation01,,
16384,16,32,32,s_hand_pistols,,
16384,16,32,32,s_Pistol,,
16384,16,32,32,s_Pistol_Luger,,
16384,16,32,32,s_Flintlock,,
16384,16,32,32,s_Machpistol,,
16384,16,32,32,s_Smg,,
16384,16,32,32,s_Shotgun,,
16384,16,32,32,s_DoubleShotgun,,
16384,16,32,32,s_Flamethrower_Gun,,
16384,16,32,32,s_Flamethrower_Tank,,
16384,16,32,32,s_Machpistol_Spots,,
16384,16,32,32,s_Flintlock_Spots,,
16384,16,32,32,s_FlameGun_Spots,,
16384,16,32,32,s_Pistol_Spots,,
16384,16,32,32,s_Shotgun_Spots,,
16384,16,32,32,s_Smg_Spots,,
16384,16,32,32,s_SuperShot_Spots,,
16384,4,64,64,s_weresnail_mask_head,,
16384,4,64,64,s_weresnail_mask_shell,,
16384,1,128,128,s_crag_snow01,,
16384,1,128,128,s_mg_psychicvision_transition,,
16384,1,128,128,s_mg_stealth_light_hitbox,,
16356,1,94,174,s_columnlarge01,,
16320,12,34,40,s_tnn_puddle4,,
16240,4,290,14,s_ustation_jerkinscroll_arrow,,
16218,6,51,53,s_cts_slagNE,,
16218,6,51,53,s_cts_slagNW,,
16218,6,51,53,s_cts_slagSE,,
16218,6,51,53,s_cts_slagSW,,
16200,12,30,45,s_iptehar_patrol,,
16200,3,270,20,s_dnet_button_image,,
16128,7,48,48,s_tv2,,
16128,7,48,48,sMiniFruit,,
16128,4,96,42,sMiniSwordbaneBG,,
16128,1,112,144,s_hut03,,
16055,95,13,13,s_fn_tactics,,
16055,95,13,13,s_fn_tacticsb,,
16048,1,118,136,s_outhouse01,,
15744,12,32,41,s_koboldSmall_body,,
15444,12,39,33,s_tnn_puddle3,,
15390,6,95,27,s_effect_affix_busted,,
15360,5,48,64,s_door_plain01,,
15360,5,48,64,s_door_sewer01,,
15360,5,48,64,s_door_tnn01,,
15360,5,48,64,s_door_undersewer02,,
15360,5,48,64,s_door_wood01,,
15360,4,48,80,s_door_tnn_stairs02,,
15360,4,48,80,s_pdt_sfr_ernest_walk01,,
15360,4,48,80,s_pdt_fantomas01,,
15360,4,48,80,s_pdt_yellowkid_lockpick01,,
15360,4,48,80,s_pdt_yellowkid_walk01,,
15360,3,80,64,s_junkpile_average04,,
15360,3,80,64,s_junkpile_simple_average01,,
15360,2,96,80,s_warehousedoor01,,
15360,1,160,96,s_hoopz_lightcone,,
15360,1,384,40,s_hud_bar,,
15300,9,34,50,__newsprite2471,,
15300,9,34,50,__newsprite2575,,
15232,4,56,68,s_pdt_pocahontas_walk01,,
15180,5,44,69,s_pdt_geppetto_beaten_walk01,,
15080,20,29,26,s_cts_peeledTubers,,
14880,12,31,40,s_duergar_head,,
14792,8,43,43,s_junkbot_larm_shield_mask,,
14792,8,43,43,s_junkbot_rarm_shield_mask,,
14688,4,54,68,s_cts_hoopzKneelDown,,
14448,1,301,48,s_barkley2_logo,,
14448,1,301,48,s_barkley2_logo_jp,,
14336,14,32,32,s_vrw_untamo_hair,,
14336,14,32,32,s_vrw_untamo_mouth,,
14336,14,32,32,s_vrw_untamo_nose,,
14336,14,32,32,s_mg_vrw_untamo_eyes,,
14336,14,32,32,s_mg_vrw_untamo_hair,,
14336,14,32,32,s_mg_vrw_untamo_mouth,,
14336,14,32,32,s_mg_vrw_untamo_nose,,
14336,1,112,128,s_junk_island01,,
14224,1,112,127,s_crag_snow03,,
14112,32,21,21,s_enemyDeath_parts,,
14040,1,117,120,s_rumiTree01,,
14016,4,48,73,s_pdt_geppetto_walk01,,
13992,1,88,159,s_crag_dry01,,
13920,6,40,58,s_TreasureDwarfFree,,
13824,18,16,48,s_pipesludge01,,
13824,18,24,32,s_hud_face_fantomas,,
13824,6,48,48,s_naoko01,,
13800,23,24,25,s_bull_junk,,
13600,8,34,50,__newsprite2275,,
13600,8,34,50,__newsprite2281,,
13600,8,34,50,__newsprite2285,,
13600,8,34,50,__newsprite2351,,
13600,8,34,50,__newsprite2357,,
13600,8,34,50,__newsprite2407,,
13600,8,34,50,__newsprite2621,,
13356,1,106,126,s_statue_cuchu02,,
13312,2,64,104,s_dnet_pappy_dance,,
13312,2,64,104,s_dnet_pappy_talk,,
13160,4,70,47,s_enemy_crabotron_claws,,
12980,1,110,118,s_clispaethStatue01,,
12960,18,24,30,s_hud_face,,
12880,4,46,70,s_glebSpin01,,
12864,4,48,67,s_thraxSE,,
12864,4,48,67,s_thraxNE,,
12810,5,42,61,s_back1,,
12800,2,80,80,s_pdt_biotek_secret_cache01,,
12800,1,160,80,s_wst_prisonBack01,,
12800,1,160,80,s_wst_prisonFront01,,
12744,2,108,59,s_tnn_bankSign,,
12720,6,40,53,s_rosario01,,
12702,3,58,73,s_tree_stump02,,
12702,3,58,73,s_tree_stump04,,
12600,3,56,75,s_tree_stump_water01,,
12544,16,28,28,s_junkbot_head_singleLazer,,
12544,16,28,28,s_junkbot_head_singleLazer_firing,,
12544,4,56,56,s_kimNE,,
12544,4,56,56,s_kimSE,,
12544,4,56,56,s_Flash3,,
12544,4,56,56,s_Flash4,,
12544,4,56,56,s_Flash6,,
12528,6,36,58,s_matthias_idle_up,,
12528,6,36,58,s_matthias_walk_up,,
12510,3,139,30,s_tnn_JapaneseSign1,,
12480,2,96,65,sMiniMagicHat,,
12415,1,191,65,mask_zauber_magneto,,
12383,1,61,203,s_dth_column_chain01,,
12288,12,32,32,s_catfish_LrgGibs,,
12288,12,32,32,s_xi,,
12288,4,48,64,s_door_tnn02,,
12288,4,64,48,s_biotek_computer01,,
12288,4,48,64,s_pdt_oliver01,,
12288,4,48,64,s_mg_creepypasta_computer_screen,,
12288,3,64,64,s_enemy_ruinedDrone_electricalField,,
12288,3,64,64,s_raft01,,
12288,3,64,64,s_katsuShoot01,,
12288,3,64,64,s_uschiPass01,,
12288,1,96,128,s_hut04,,
12288,1,96,128,s_pdt_zigomar_throne01,,
12259,13,41,23,s_effect_thunder_strike_ground,,
12180,6,35,58,s_matthias_idle_down,,
12180,6,35,58,s_matthias_walk_down,,
12096,6,42,48,s_bethunia01,,
12040,8,43,35,s_weresnail_swim,,
11904,4,48,62,s_haileNE,,
11904,4,48,62,s_haileSE,,
11904,1,124,96,s_tnn_closedShop2,,
11904,1,124,96,s_tnn_closedShop3,,
11900,7,34,50,__newsprite2259,,
11900,7,34,50,__newsprite2273,,
11900,7,34,50,__newsprite2361,,
11900,7,34,50,__newsprite2387,,
11900,7,34,50,__newsprite2391,,
11900,7,34,50,__newsprite2411,,
11900,7,34,50,__newsprite2423,,
11900,7,34,50,__newsprite2433,,
11900,7,34,50,__newsprite2449,,
11900,7,34,50,__newsprite2463,,
11900,7,34,50,__newsprite2479,,
11900,7,34,50,__newsprite2489,,
11900,7,34,50,__newsprite2491,,
11900,7,34,50,__newsprite2517,,
11900,7,34,50,__newsprite2541,,
11900,7,34,50,__newsprite2545,,
11900,7,34,50,__newsprite2577,,
11900,7,34,50,__newsprite2587,,
11900,7,34,50,__newsprite2597,,
11900,7,34,50,__newsprite2605,,
11900,7,34,50,__newsprite2615,,
11900,7,34,50,__newsprite2627,,
11900,7,34,50,__newsprite2631,,
11900,7,34,50,__newsprite2633,,
11900,7,34,50,__newsprite2645,,
11900,7,34,50,__newsprite2647,,
11712,4,48,61,s_lumisNE,,
11712,4,48,61,s_lumisSE,,
11700,12,39,25,s_catfish_large_helmet,,
11664,6,81,24,s_ustation_levelup_bar,,
11550,7,33,50,__newsprite2339,,
11550,7,33,50,__newsprite2525,,
11520,30,16,24,s_cgremlin_armsR,,
11520,30,16,24,s_cgremlin_armsL,,
11520,4,60,48,s_ustation_charselect_faces,,
11480,8,41,35,s_vineMonster_head,,
11470,10,37,31,s_duergar_legs,,
11424,4,42,68,s_pdt_donald_walk01,,
11376,1,144,79,s_tnn_car01,,
11362,23,26,19,s_cts_tuberPeels,,
11285,5,37,61,s_chair01,,
11220,102,10,11,s_fn2,,
11130,5,42,53,s_vineMonster_base,,
11025,21,21,25,s_cts_tuberPile,,
11016,3,54,68,s_cts_kneelSE,,
11000,5,44,50,s_cts_hoopzSadS,,
11000,5,44,50,s_cts_hoopzSurpriseSE,,
10948,7,34,46,s_amalberga02,,
10812,4,51,53,s_cts_slagLOOK,,
10800,12,25,36,s_pedestrian_pdt01,,
10752,7,32,48,s_charnelStump01,,
10656,1,144,74,s_car01,,
10640,1,95,112,s_tank_ll_cooling_dualpipe01,,
10640,1,95,112,s_tank_ll_cooling_dualpipe02,,
10560,96,10,11,s_hiragana_fn2,1,
10560,96,10,11,s_katakana_fn2,1,
10368,6,36,48,s_intro_sdwarf_punched01,,
10368,6,54,32,s_chu_elevatorLight01,,
10368,6,54,32,s_chu_elevatorLightClosing01,,
10368,4,48,54,s_mg_booty_tv2,,
10320,6,40,43,s_cornrow01,,
10240,10,16,64,s_effect_thunder_strike,,
10240,10,64,16,s_mg_hidden_scanner,,
10240,8,40,32,s_mg_puzzlelock_chest,,
10240,5,32,64,s_chu_crustSeal01,,
10240,2,64,80,s_pdt_biotek_scanner01,,
10240,2,64,80,s_pdt_sfr_fangs_walk01,,
10240,2,64,80,s_pdt_sfr_fangs01,,
10240,2,64,80,s_pdt_sfr_nip_walk01,,
10240,2,64,80,s_pdt_sfr_nip01,,
10240,2,64,80,s_pdt_redkid01,,
10240,1,80,128,s_tree_live_wall02,,
10240,1,160,64,s_lavatory_blockhouse01,,
10240,1,80,128,s_mtnElevator01,,
10200,6,34,50,__newsprite2229,,
10200,6,34,50,__newsprite2237,,
10200,6,34,50,__newsprite2245,,
10200,6,34,50,__newsprite2257,,
10200,6,34,50,__newsprite2279,,
10200,6,34,50,__newsprite2283,,
10200,6,34,50,__newsprite2301,,
10200,6,34,50,__newsprite2305,,
10200,6,34,50,__newsprite2307,,
10200,6,34,50,__newsprite2311,,
10200,6,34,50,__newsprite2323,,
10200,6,34,50,__newsprite2327,,
10200,6,34,50,__newsprite2329,,
10200,6,34,50,__newsprite2335,,
10200,6,34,50,__newsprite2337,,
10200,6,34,50,__newsprite2341,,
10200,6,34,50,__newsprite2345,,
10200,6,34,50,__newsprite2349,,
10200,6,34,50,__newsprite2363,,
10200,6,34,50,__newsprite2365,,
10200,6,34,50,__newsprite2375,,
10200,6,34,50,__newsprite2377,,
10200,6,34,50,__newsprite2379,,
10200,6,34,50,__newsprite2381,,
10200,6,34,50,__newsprite2383,,
10200,6,34,50,__newsprite2385,,
10200,6,34,50,__newsprite2389,,
10200,6,34,50,__newsprite2399,,
10200,6,34,50,__newsprite2401,,
10200,6,34,50,__newsprite2405,,
10200,6,34,50,__newsprite2409,,
10200,6,34,50,__newsprite2413,,
10200,6,34,50,__newsprite2415,,
10200,6,34,50,__newsprite2419,,
10200,6,34,50,__newsprite2421,,
10200,6,34,50,__newsprite2425,,
10200,6,34,50,__newsprite2431,,
10200,6,34,50,__newsprite2435,,
10200,6,34,50,__newsprite2447,,
10200,6,34,50,__newsprite2453,,
10200,6,34,50,__newsprite2459,,
10200,6,34,50,__newsprite2465,,
10200,6,34,50,__newsprite2467,,
10200,6,34,50,__newsprite2477,,
10200,6,34,50,__newsprite2483,,
10200,6,34,50,__newsprite2485,,
10200,6,34,50,__newsprite2493,,
10200,6,34,50,__newsprite2503,,
10200,6,34,50,__newsprite2505,,
10200,6,34,50,__newsprite2511,,
10200,6,34,50,__newsprite2513,,
10200,6,34,50,__newsprite2537,,
10200,6,34,50,__newsprite2547,,
10200,6,34,50,__newsprite2549,,
10200,6,34,50,__newsprite2553,,
10200,6,34,50,__newsprite2555,,
10200,6,34,50,__newsprite2601,,
10200,6,34,50,__newsprite2607,,
10200,6,34,50,__newsprite2609,,
10200,6,34,50,__newsprite2611,,
10200,6,34,50,__newsprite2617,,
10200,6,34,50,__newsprite2635,,
10200,6,34,50,__newsprite2639,,
10176,1,106,96,s_wall_broken17,,
10120,92,10,11,s_fn2f,,
10120,92,10,11,s_fn2o,,
10120,92,10,11,s_fn7oc,,
10000,4,50,50,s_janosNE,,
10000,4,50,50,s_janosSE,,
10000,1,100,100,mask_disk_100by100,,
9936,6,36,46,s_vrw_tree,,
9900,6,33,50,__newsprite2333,,
9900,6,33,50,__newsprite2533,,
9890,5,43,46,s_wilmer01,,
9860,10,34,29,s_effect_affix_tubercular2,,
9800,7,28,50,s_lawrenceStand01,,
9639,7,81,17,sButtonPapers,,
9523,1,89,107,s_wizard01,,
9512,4,41,58,s_onslowNE,,
9512,4,41,58,s_onslowSE,,
9472,4,64,37,s_catfish_netSpin,,
9440,4,40,59,s_typhoidlarryNE,,
9440,4,40,59,s_typhoidlarrySE,,
9328,4,44,53,s_wendelaSE,,
9328,4,44,53,s_wendelaNE,,
9324,4,111,21,s_tnn_puddle2,,
9216,9,32,32,s_cdwarfZap01,,
9216,9,32,32,s_effect_explo_32,,
9216,9,32,32,s_pdt_cauldron01,,
9216,9,32,32,s_mg_puzzlelock_slide_piece,,
9216,6,32,48,s_enemy_skullblossom,,
9216,4,48,48,s_enemy_crabotron_photonarea,,
9216,4,48,48,s_Flash2,,
9216,4,48,48,s_mg_finding_zs_z_maze,,
9216,3,64,48,s_machine_coolingunit01,,
9216,2,48,96,s_pdt_nick01,,
9216,1,96,96,s_bossTestDummy,,
9216,1,96,96,s_oozeSlash,,
9216,1,96,96,s_crag_dry03,,
9216,1,144,64,s_pdt_cyberarchive_door_frame,,
9216,1,96,96,s_mg_booty_light_orbit,,
9216,1,96,96,mask_crescent_96_48,,
9072,2,108,42,s_tnn_JapaneseSign2,,
9000,3,100,30,s_dnet_button_index,,
8960,8,28,40,s_castor01,,
8960,4,56,40,s_watershadow_large,,
8960,2,64,70,s_longinusDoor01,,
8960,1,112,80,s_biotek_glass,,
8960,1,80,112,s_hut05,,
8874,3,51,58,s_vivian01,,
8856,4,41,54,s_danedufresneNE,,
8856,4,41,54,s_danedufresneSE,,
8844,4,33,67,s_pdt_biotek_benhur_walk01,,
8800,4,44,50,s_HoopzWalkNE,,
8800,4,44,50,s_HoopzWalkNW,,
8800,4,44,50,s_HoopzWalkSW,,
8800,4,44,50,s_HoopzWalkE,,
8800,4,44,50,s_HoopzWalkSE,,
8800,4,44,50,s_HoopzWalkW,,
8800,4,44,50,s_HoopzWalkS,,
8800,4,44,50,s_HoopzWalkN,,
8800,4,44,50,s_HoopzLegsE,,
8800,4,44,50,s_HoopzLegsNE,,
8800,4,44,50,s_HoopzLegsN,,
8800,4,44,50,s_HoopzLegsNW,,
8800,4,44,50,s_HoopzLegsW,,
8800,4,44,50,s_HoopzLegsS,,
8800,4,44,50,s_HoopzLegsSW,,
8800,4,44,50,s_HoopzLegsSE,,
8800,4,44,50,s_cts_hoopzE,,
8800,4,44,50,s_cts_hoopzNE,,
8800,4,44,50,s_cts_hoopzN,,
8800,4,44,50,s_cts_hoopzNW,,
8800,4,44,50,s_cts_hoopzW,,
8800,4,44,50,s_cts_hoopzSW,,
8800,4,44,50,s_cts_hoopzS,,
8800,4,44,50,s_cts_hoopzSE,,
8800,4,44,50,s_cts_hoopzSurpriseNE,,
8800,4,44,50,s_cts_hoopzSurpriseNW,,
8640,6,40,36,s_effect_splash_medium,,
8640,6,36,40,s_AlienBlood_big,,
8610,3,70,41,s_hud_tv,,
8544,1,96,89,s_tnn_closedShop5,,
8500,5,34,50,s_drLiuLeft01,,
8500,5,34,50,s_drLiuRight01,,
8500,5,34,50,s_drLiuUp01,,
8500,5,34,50,__newsprite2255,,
8500,5,34,50,__newsprite2265,,
8500,5,34,50,__newsprite2267,,
8500,5,34,50,__newsprite2269,,
8500,5,34,50,__newsprite2271,,
8500,5,34,50,__newsprite2315,,
8500,5,34,50,__newsprite2331,,
8500,5,34,50,__newsprite2353,,
8500,5,34,50,__newsprite2359,,
8500,5,34,50,__newsprite2367,,
8500,5,34,50,__newsprite2393,,
8500,5,34,50,__newsprite2395,,
8500,5,34,50,__newsprite2403,,
8500,5,34,50,__newsprite2427,,
8500,5,34,50,__newsprite2429,,
8500,5,34,50,__newsprite2439,,
8500,5,34,50,__newsprite2441,,
8500,5,34,50,__newsprite2455,,
8500,5,34,50,__newsprite2469,,
8500,5,34,50,__newsprite2473,,
8500,5,34,50,__newsprite2475,,
8500,5,34,50,__newsprite2507,,
8500,5,34,50,__newsprite2509,,
8500,5,34,50,__newsprite2539,,
8500,5,34,50,__newsprite2581,,
8500,5,34,50,__newsprite2589,,
8500,5,34,50,__newsprite2591,,
8500,5,34,50,__newsprite2593,,
8500,5,34,50,__newsprite2595,,
8500,5,34,50,__newsprite2599,,
8500,5,34,50,__newsprite2603,,
8500,5,34,50,__newsprite2629,,
8500,5,34,50,__newsprite2649,,
8480,4,40,53,s_jeanmarcNE,,
8480,4,40,53,s_jeanmarcSE,,
8448,6,32,44,s_hildeberga01,,
8395,1,115,73,s_deadSonBath01,,
8342,1,86,97,s_sentinel_boss,,
8320,4,40,52,s_deverauxSE,,
8320,4,40,52,s_deverauxNE,,
8320,4,40,52,s_yordanoSE,,
8320,4,40,52,s_yordanoNE,,
8260,2,59,70,s_pdt_wappetto_backhand01,,
8192,8,32,32,s_bull_rocket,,
8192,8,32,32,s_mg_finding_zs_z_houseofz,,
8192,8,32,32,s_mg_puzzlelock_button_slide,,
8192,4,32,64,s_giuseppe_dwarfNE01,,
8192,4,32,64,s_giuseppe_dwarfSE01,,
8192,4,32,64,s_giuseppe_dwarfSE02,,
8192,2,64,64,s_lensflare,,
8192,2,64,64,s_effect_rainfall,,
8192,2,64,64,s_bull_scrollWeapon_Die,,
8192,2,64,64,sMiniNeedleMarker,,
8192,1,64,128,s_crate_wooden_stack02,,
8192,1,128,64,s_wall_broken09,,
8192,1,64,128,s_wall_prison01,,
8192,1,64,128,s_wall_prison02,,
8192,1,64,128,s_wall_prison03,,
8192,1,64,128,s_wall_prison04,,
8192,1,64,128,s_wall_prison05,,
8192,1,64,128,s_wall_prison06,,
8192,1,64,128,s_mg_vrw_player_login,,
8160,4,40,51,s_garthNE,,
8160,4,40,51,s_garthSE,,
8160,4,40,51,s_guildensternNE,,
8160,4,40,51,s_guildensternSE,,
8064,9,32,28,s_koboldLarge_gibs,,
8056,4,38,53,s_vikingstadNE,,
8056,4,38,53,s_vikingstadSE,,
8000,4,40,50,s_vancleefNE,,
8000,4,40,50,s_vancleefSE,,
7992,4,37,54,s_animeBulldog01,,
7992,4,74,27,s_ustation_button_side,,
7990,1,85,94,s_spirit_samurai,,
7872,1,82,96,s_clispaethBroken01,,
7830,6,29,45,s_ludwig01,,
7776,12,24,27,s_cgremMed_rArm,,
7680,5,32,48,s_pdt_biotek_cake01,,
7680,3,160,16,s_mg_elevator_backdrop_cuchu,,
7680,3,80,32,s_mg_organ_info,,
7680,2,48,80,s_pdt_fritz_walk01,,
7680,2,48,80,s_pdt_hans_walk01,,
7680,2,48,80,s_pdt_sfr_elizabeth_walk01,,
7680,2,48,80,s_pdt_sfr_elizabeth01,,
7680,2,48,80,s_pdt_sfr_emily_walk01,,
7680,2,48,80,s_pdt_sfr_emily01,,
7680,2,48,80,s_pdt_sfr_ernest01,,
7680,2,48,80,s_pdt_sfr_franz_walk01,,
7680,2,48,80,s_pdt_sfr_franz01,,
7680,2,48,80,s_pdt_sfr_jack_walk01,,
7680,2,48,80,s_pdt_sfr_jack01,,
7680,2,48,80,s_pdt_sfr_william_walk01,,
7680,2,48,80,s_pdt_sfr_william01,,
7680,1,80,96,s_pedestal01,,
7680,1,48,160,s_outcrop_left_hefty02,,
7680,1,48,160,s_outcrop_right_hefty02,,
7680,1,96,80,s_giuseppedoor01,,
7680,1,96,80,s_wall_broken02,,
7680,1,384,20,s_pausemenu_buttonlight,,
7680,1,96,80,s_mg_challenge_kobold_gateway,,
7661,1,47,163,s_mortgageLine01,,
7644,4,39,49,s_ngNE,,
7644,4,39,49,s_ngSE,,
7626,6,41,31,s_duergar_gun,,
7616,2,56,68,s_pdt_pocahontas01,,
7614,1,81,94,s_garcia01,,
7595,5,31,49,__newsprite2251,,
7544,4,41,46,s_osirisNE,,
7544,4,41,46,s_osirisSE,,
7520,94,8,10,s_dnet_font,,
7520,4,40,47,s_dozierNE,,
7520,4,40,47,s_dozierSE,,
7520,4,40,47,s_roethlisbuergarNE,,
7520,4,40,47,s_roethlisbuergarSE,,
7520,4,40,47,s_rosencrantzNE,,
7520,4,40,47,s_rosencrantzSE,,
7503,3,61,41,sMiniMagicItem,,
7500,3,50,50,s_HoopzRollStop_Right,,
7500,3,50,50,s_HoopzRollStop_Left,,
7500,3,50,50,s_HoopzRollLeap_RightUp,,
7500,3,50,50,s_HoopzRollLeap_LeftUp,,
7500,3,50,50,s_HoopzRollLeap_RightDown,,
7500,3,50,50,s_HoopzRollLeap_LeftDown,,
7500,3,50,50,s_HoopzRollLeap_NorthRight,,
7500,3,50,50,s_HoopzRollLeap_NorthLeft,,
7500,3,50,50,s_HoopzRollLeap_SouthRight,,
7500,3,50,50,s_HoopzRollLeap_SouthLeft,,
7480,4,34,55,s_cts_jhodfreySE,,
7480,4,34,55,s_cts_jhodfreyNE,,
7475,13,23,25,s_alienMenace_med_gibs,,
7452,1,108,69,s_hoopz_ground,,
7448,4,38,49,s_honusNE,,
7448,4,38,49,s_honusSE,,
7392,12,28,22,s_cgremlin_rocket_body,,
7372,1,76,97,s_fallengordo,,
7360,5,46,32,s_TreasureDwarfFlee,,
7360,4,40,46,s_schatzederNE,,
7360,4,40,46,s_schatzederSE,,
7360,4,40,46,s_socratesNE,,
7360,4,40,46,s_socratesSE,,
7332,4,39,47,s_governorNE,,
7332,4,39,47,s_governorSE,,
7296,8,38,24,s_turret_head_fire,,
7232,1,64,113,s_wall_broken11,,
7200,24,15,20,s_dnet_button_statusbar01,,
7200,24,15,20,s_dnet_button_statusbar02,,
7200,24,15,20,s_dnet_button_statusbar03,,
7200,24,15,20,s_dnet_button_statusbar04,,
7200,24,15,20,s_dnet_button_statusbar05,,
7200,24,15,20,s_dnet_button_statusbar06,,
7200,4,40,45,s_archambeauNE,,
7200,4,40,45,s_archambeauSE,,
7200,4,36,50,s_hasdrubalNE,,
7200,4,36,50,s_hasdrubalSE,,
7200,4,36,50,s_lucretiaNE,,
7200,4,36,50,s_lucretiaSE,,
7168,8,28,32,s_enemy_junkbot_poisongas,,
7168,7,32,32,s_door_light01,,
7168,7,32,32,s_effect_affix_blink,,
7168,7,32,32,s_catfish_blood,,
7168,7,32,32,s_enemy_crabotron_flame,,
7168,7,32,32,s_fx_bloodBurst,,
7168,7,32,32,s_bull_gooburst_large,,
7168,7,32,32,s_placeholder,,
7168,7,32,32,s_vrw_untamo_head,,
7168,7,32,32,s_mg_vrw_untamo_head,,
7168,1,64,112,s_cuchu_banner01,,
7168,1,64,112,s_tank_ll_cooling01,,
7168,1,64,112,s_hoop01,,
7168,1,64,112,s_hoop02,,
7140,4,35,51,s_oolonNE,,
7140,4,35,51,s_oolonSE,,
7140,1,140,51,s_mg_booty_finish,,
7056,6,49,24,s_gun,,
7040,1,64,110,s_hut02,,
7040,1,128,55,s_mg_elevator_panel_cuchu,,
7030,2,37,95,s_effect_affix_eightarmed,,
7000,7,40,25,s_mg_stealth_eye,,
6966,1,43,162,s_tnn_ladder01,,
6966,1,43,162,s_tnn_ladder02,,
6912,12,24,24,s_effect_itanosmoke,,
6912,12,24,24,s_catfish_gibs,,
6912,4,96,18,sMiniSwordbaneText,,
6912,3,48,48,s_boss_sewerGenerator01,,
6912,3,48,48,s_junkpile_simple_small01,,
6912,3,48,48,s_fan_ani_industrial01,,
6912,1,64,108,s_cdwarfTube,,
6804,9,27,28,s_koboldSmShot,,
6800,4,34,50,__newsprite2249,,
6800,4,34,50,__newsprite2287,,
6800,4,34,50,__newsprite2303,,
6800,4,34,50,__newsprite2347,,
6800,4,34,50,__newsprite2437,,
6800,4,34,50,__newsprite2445,,
6800,4,34,50,__newsprite2543,,
6768,4,36,47,s_oxNE,,
6768,4,36,47,s_oxSE,,
6750,5,30,45,s_pax_slave02,,
6720,20,14,24,sMiniBabbySnake,,
6720,12,20,28,s_cgremMed_lArm,,
6656,1,64,104,s_dnet_pappy_idle,,
6600,4,33,50,s_gottlerNE,,
6600,4,33,50,s_gottlerSE,,
6600,3,44,50,s_cts_hoopzBattleStanceN,,
6600,3,44,50,s_cts_hoopzSurpriseSW,,
6480,8,54,15,s_m_bhover,,
6480,8,54,15,s_m_bselected,,
6448,4,31,52,s_jeltsjeNE,,
6448,4,31,52,s_jeltsjeSE,,
6432,2,48,67,s_thrax01,,
6408,1,72,89,s_tnn_closedShop1,,
6400,4,40,40,s_sw1_cogSmall,,
6400,4,40,40,s_joad01,,
6400,1,64,100,s_vrstation01,,
6400,1,80,80,s_boss_corpseblossom,,
6400,1,80,80,s_boss_corpseblossom_area01,,
6400,1,80,80,s_boss_corpseblossom_area02,,
6400,1,80,80,s_boss_corpseblossom_area03,,
6400,1,80,80,s_boss_corpseblossom_area04,,
6400,1,80,80,s_boss_mtnpass_mynthos,,
6384,4,38,42,s_laffertyNE,,
6384,4,38,42,s_laffertySE,,
6384,1,57,112,s_wall_broken06,,
6364,4,37,43,s_melqartNE,,
6364,4,37,43,s_melqartSE,,
6336,11,24,24,s_fungus_shroomgrow,,
6336,4,66,24,s_ustation_levelup_chargeat,,
6300,4,35,45,s_ustation_gunscroll_arrow,,
6300,4,35,45,s_ustation_gunscroll_arrow2,,
6300,1,90,70,s_poly01,,
6290,1,85,74,s_catfish_atk_swipe,,
6216,4,37,42,s_burglecutSE,,
6144,6,32,32,s_mg_finding_zs_z_postdeath,,
6144,6,32,32,s_vrw_untamo_body,,
6144,6,32,32,s_mg_vrw_untamo_body,,
6144,4,32,48,s_techgizmo_biotek02,,
6144,4,48,32,s_mg_organ_hand,,
6144,3,64,32,s_door_mines01,,
6144,3,64,32,s_door_mines02,,
6144,3,64,32,s_door_mtnpass01,,
6144,3,64,32,s_door_mtnpass02,,
6144,3,64,32,s_effect_affix_decimate,,
6144,2,48,64,s_door_ysk_grotto01,,
6144,2,32,96,s_sewer_bridge01,,
6144,2,64,48,s_pdt_foreign_oil01,,
6144,1,48,128,s_outcrop_left_hefty01,,
6144,1,48,128,s_outcrop_right_hefty01,,
6144,1,64,96,s_sewer_platform01,,
6144,1,64,96,s_pdt_cardsoldier01,,
6144,1,64,96,s_pdt_mowgli,,
6120,4,34,45,s_cts_sit_peel,,
6090,3,35,58,s_matthias_look,,
6084,1,78,78,mask_crescent_78_39,,
6072,2,44,69,s_pdt_geppetto_beaten01,,
6068,1,74,82,s_wayne01,,
6042,2,57,53,s_ozanne01,,
6042,1,114,53,s_tnn_cuthbertStoresign_Off,,
6016,1,64,94,s_hut01,,
5985,95,7,9,s_fn5o,,
5952,2,48,62,s_haile01,,
5940,9,20,33,s_cDwarfAI01,,
5856,2,48,61,s_lumis01,,
5832,18,18,18,s_bull_bone,,
5824,2,52,56,s_clispaethMarking01,,
5808,4,33,44,s_perryNE,,
5808,4,33,44,s_perrySE,,
5800,4,29,50,s_Dwarf3,,
5760,10,24,24,s_FireTrail,,
5760,10,24,24,s_bull_spore,,
5760,1,96,60,sMiniSwordbaneArchibald,,
5742,3,22,87,s_tnn_FoodSign,,
5740,4,35,41,s_burglecutNE,,
5712,4,34,42,s_puannumNE,,
5712,2,51,56,s_susannahSit01,,
5670,90,7,9,s_mg_puzzlelock_font,1,
5670,15,14,27,s_mg_vrw_oli_text,,
5632,11,16,32,s_techgizmo_biotek01,,
5610,2,55,51,sMiniEggTeeth,,
5610,2,55,51,sMiniFruitTeeth,,
5600,10,40,14,s_enemy_crabbold_eyes,,
5544,4,33,42,s_puannumSE,,
5520,4,30,46,s_stonewallBootyDaimyoJackson01,,
5508,4,27,51,s_elnaz01,,
5456,4,31,44,s_cts_lugnerSE,,
5456,4,31,44,s_cts_lugnerNE,,
5452,4,29,47,s_Dwarf4,,
5408,8,26,26,s_enemy_crabbold_leg,,
5400,6,30,30,s_spawnEdit_Icon,,
5376,2,42,64,s_susannahStand01,,
5360,1,67,80,s_wall_broken08,,
5358,3,38,47,s_griffins_bulb,,
5358,1,57,94,s_enemy_crabotron_body,,
5358,1,57,94,s_enemy_crabotron_body_shadow,,
5330,2,41,65,s_cart_bomb,,
5328,1,48,111,s_tank_ll_processing01,,
5292,3,42,42,s_janos01,,
5290,10,23,23,s_enemyAttack_steam,,
5280,4,30,44,s_Dwarf5,,
5280,4,30,44,s_Dwarf6,,
5280,4,30,44,s_ipteharNE,,
5264,4,28,47,s_Dwarf1,,
5250,1,75,70,s_table_occult01,,
5200,20,10,26,s_vrw_spin,,
5184,9,24,24,s_effect_explo_24,,
5160,1,60,86,s_cdwarfHead01,,
5148,3,33,52,s_dubuque02,,
5141,1,97,53,s_roundmound01,,
5120,5,32,32,s_effect_affix_tubercular,,
5120,5,32,32,s_effect_dust,,
5120,5,32,32,s_enemy_ruinedDrone,,
5120,5,32,32,s_proj_bioSplash,,
5120,5,32,32,s_proj_tarSplash,,
5120,5,32,32,s_cache_sewerwall,,
5120,4,16,80,s_doorlight_lr,,
5120,2,40,64,s_pdt_cyberarchive_door,,
5120,1,80,64,sDoorGarage,,
5120,1,64,80,s_roof_bucket011,,
5120,1,64,80,s_roof_bucket02,,
5120,1,64,80,s_roof_bucket03,,
5120,1,64,80,s_roof_bucket04,,
5120,1,64,80,s_junkpile_effigy01,,
5120,1,64,80,s_wall_broken14,,
5120,1,64,80,s_pdt_paulin01,,
5120,1,64,80,s_pdt_policetape01,,
5120,1,80,64,s_mg_document_biotek_logo,,
5120,1,80,64,s_boss_mtnpass_icicle_hitbox,,
5106,1,74,69,s_destructible_wastelandMound,,
5106,1,74,69,s_junkpile_angel01,,
5106,1,37,138,sMiniMagicHand,,
5100,3,34,50,__newsprite2231,,
5100,3,34,50,__newsprite2233,,
5100,3,34,50,__newsprite2235,,
5100,3,34,50,__newsprite2239,,
5100,3,34,50,__newsprite2243,,
5100,3,34,50,__newsprite2247,,
5100,3,34,50,__newsprite2253,,
5100,3,34,50,__newsprite2261,,
5100,3,34,50,__newsprite2263,,
5100,3,34,50,__newsprite2277,,
5100,3,34,50,__newsprite2289,,
5100,3,34,50,__newsprite2317,,
5100,3,34,50,__newsprite2321,,
5100,3,34,50,__newsprite2325,,
5100,3,34,50,__newsprite2355,,
5100,3,34,50,__newsprite2369,,
5100,3,34,50,__newsprite2371,,
5100,3,34,50,__newsprite2397,,
5100,3,34,50,__newsprite2451,,
5100,3,34,50,__newsprite2495,,
5100,3,34,50,__newsprite2499,,
5100,3,34,50,__newsprite2515,,
5100,3,34,50,__newsprite2519,,
5100,3,34,50,__newsprite2521,,
5100,3,34,50,__newsprite2523,,
5100,3,34,50,__newsprite2529,,
5100,3,34,50,__newsprite2531,,
5100,3,34,50,__newsprite2557,,
5100,3,34,50,__newsprite2559,,
5100,3,34,50,__newsprite2561,,
5100,3,34,50,__newsprite2563,,
5100,3,34,50,__newsprite2565,,
5100,3,34,50,__newsprite2567,,
5100,3,34,50,__newsprite2569,,
5100,3,34,50,__newsprite2571,,
5100,3,34,50,__newsprite2623,,
5100,3,34,50,__newsprite2625,,
5100,3,34,50,__newsprite2643,,
5100,3,34,50,__newsprite2651,,
5100,3,34,50,__newsprite2653,,
5088,3,32,53,s_gunInTheStone01,,
5060,1,46,110,s_columnsmall01,,
5040,6,28,30,s_cgremlin_weap,,
4992,13,48,8,s_bull_digitalLaser,,
4988,4,29,43,s_small_dwarf,,
4988,4,29,43,s_ipteharSE,,
4928,4,44,28,s_obj_wilmergun01,,
4900,1,70,70,s_effect_firefly_light,,
4896,4,36,34,s_ricochet,,
4860,6,27,30,s_cgremlin_atkArm,,
4816,2,43,56,s_tnn_ladder_support01,,
4800,12,20,20,s_alienMenace_baby,,
4800,12,20,20,s_tengu_mask,,
4800,12,20,20,s_dnet_button_info,,
4800,3,64,25,s_effect_zonename_backdrop,,
4720,2,40,59,s_typhoidlarry01,,
4704,8,21,28,s_spawnEdit_Cursors,,
4700,4,47,25,s_tnn_puddle1,,
4692,12,17,23,s_effect_affix_withering,,
4664,2,44,53,s_wendela01,,
4624,1,68,68,sMiniShapeLight,,
4608,18,16,16,s_CandyTemp,,
4608,16,16,18,s_clock01,,
4608,8,24,24,s_ustation_levelup_oc,,
4608,3,32,48,s_biotek_generator01,,
4608,3,32,48,s_biotek_generator03,,
4608,2,48,48,s_tv2_broken,,
4608,2,48,48,s_biotek_fiend01,,
4608,2,48,48,s_prisonEntrance01,,
4608,2,48,48,sMiniJelly,,
4608,1,48,96,s_pdt_grave04,,
4544,1,64,71,s_port_capnJane01,,
4485,15,23,13,s_effect_puddle_small02,,
4482,1,54,83,s_dinah01,,
4428,2,41,54,s_danedufresne01,,
4400,2,44,50,s_HoopzZauberCharge,,
4356,1,66,66,s_catfish_atk_bigspark,,
4320,90,6,8,s_font,1,
4320,5,48,18,s_hud_glamp,,
4320,1,60,72,s_beehive_large,,
4275,1,75,57,s_junkpile_rubbish01,,
4272,1,48,89,s_tnn_closedShop4,,
4256,1,76,56,s_bed_mattress_bare01,,
4248,3,24,59,s_tnn_candySign,,
4240,2,40,53,s_jeanmarc01,,
4224,3,32,44,s_cts_bobsDOWN,,
4224,3,32,44,s_cts_bobsLEFT,,
4224,3,32,44,s_cts_bobsRIGHT,,
4224,3,32,44,s_cts_bobsUP,,
4224,3,32,44,s_cts_changoDOWN,,
4224,3,32,44,s_cts_changoLEFT,,
4224,3,32,44,s_cts_changoRIGHT,,
4224,3,32,44,s_cts_changoUP,,
4224,2,32,66,s_retractableBridge01,,
4200,6,35,20,s_cgremMed_gun,,
4160,2,40,52,s_deveraux01,,
4160,2,40,52,s_yordano01,,
4128,1,48,86,s_pipe_ll_turnvalve01,,
4096,8,32,16,s_charnelBird01,,
4096,8,32,16,s_charnelDwarf01,,
4096,8,32,16,s_charnelKirin01,,
4096,8,32,16,s_charnelRabbit01,,
4096,8,32,16,s_charnelSnake01,,
4096,4,32,32,s_bull_laserHit,,
4096,4,32,32,s_HoopzRollGoofy,,
4096,4,32,32,s_diag_corner,,
4096,4,32,32,s_diag_corner_vrw,,
4096,4,32,32,s_cyberspearPiece01,,
4096,4,32,32,s_mg_finding_zs_z_babyroom,,
4096,4,32,32,s_mg_finding_zs_z_dealersden,,
4096,4,32,32,s_mg_finding_zs_z_garden,,
4096,4,32,32,sMiniHorseStart,,
4096,4,32,32,s_mg_organ_cutter,,
4096,4,32,32,s_mg_organ_lungs,,
4096,4,32,32,s_mg_puzzlelock_button_toggle,,
4096,4,32,32,s_mg_vrw_untamo_heart,,
4096,4,32,32,s_mg_vrw_untamo_speak,,
4096,4,32,32,s_mg_vrw_player,,
4096,4,32,32,s_mg_vrw_untamo_real_heart,,
4096,4,32,32,s_mg_vrw_untamo_smiley,,
4096,4,32,32,s_mg_vrw_player_old,,
4096,4,32,32,s_mg_vrw_untamo_legs,,
4096,2,64,32,s_effect_zorro_teleport,,
4096,2,32,64,s_biotek_biotube01,,
4096,1,64,64,s_effect_snowstorm,,
4096,1,64,64,s_sine_line64,,
4096,1,64,64,s_sine64,,
4096,1,64,64,s_stairwell_railing_32_left,,
4096,1,64,64,s_stairwell_railing_32_right,,
4096,1,32,128,s_outcrop_right03,,
4096,1,64,64,s_table_square_cloth01,,
4096,1,64,64,s_table_square_largewood01,,
4096,1,64,64,s_wst_prisonDoor01,,
4096,1,64,64,s_wall_broken01,,
4096,1,64,64,s_bull_franciumCore,,
4096,1,64,64,s_cts_singingStand,,
4096,1,64,64,s_katsuDown01,,
4096,1,64,64,s_guilderDoor01,,
4096,1,64,64,s_dilapidatedDoor01,,
4096,1,64,64,s_chu_crustDoor01,,
4096,1,64,64,s_pdt_alice01,,
4096,1,64,64,s_pdt_quasimodo01,,
4096,1,64,64,s_pdt_zigomar_counter01,,
4096,1,64,64,sMiniJelly64,,
4096,1,64,64,mask_disk_64by64,,
4096,1,64,64,mask_crescent_64_32,,
4096,1,64,64,s_temp_resistances,,
4080,2,40,51,s_garth01,,
4080,2,40,51,s_guildenstern01,,
4080,1,80,51,s_couch_janky_front01,,
4080,1,80,51,s_couch_full_front01,,
4032,7,32,18,s_effect_affix_carapaced,,
4032,2,72,28,s_mg_knocking_result,,
4032,1,48,84,s_guilderVonMiser01,,
4032,1,72,56,s_kholiwe01,,
4028,2,38,53,s_vikingstad01,,
4026,1,66,61,s_evander01,,
4000,5,40,20,s_spawnEdit_Menu,,
4000,2,40,50,s_vancleef01,,
3999,1,43,93,s_tree_dead01,,
3952,2,38,52,s_suresh01,,
3888,2,81,24,s_ustation_levelup_fuze,,
3876,3,38,34,s_garfield01,,
3850,5,35,22,s_effect_affix_malnourished,,
3840,5,16,48,s_techgizmo_biotek03,,
3840,5,24,32,s_egg_blue,,
3840,5,24,32,s_egg_green,,
3840,5,24,32,s_egg_purple,,
3840,5,24,32,s_egg_red,,
3840,5,24,32,s_egg_stone,,
3840,1,48,80,s_crate_wooden_stack01,,
3840,1,48,80,s_bed_made_wood01,,
3840,1,48,80,s_pipe01,,
3840,1,48,80,s_pipe02,,
3840,1,48,80,s_pipe03,,
3840,1,48,80,s_pipe04,,
3840,1,48,80,s_obj_bedsheet01,,
3840,1,48,80,s_pdt_fritz01,,
3840,1,48,80,s_pdt_hans01,,
3840,1,48,80,s_pdt_mado01,,
3840,1,80,48,s_ustation_background_greengrid,,
3840,1,80,48,s_ustation_background_yellowgrid,,
3822,2,39,49,s_ng01,,
3772,2,41,46,s_osiris01,,
3772,1,41,92,s_stupa01,,
3772,1,41,92,s_stupa02,,
3772,1,41,92,s_stupa03,,
3760,2,40,47,s_dozier01,,
3760,2,40,47,s_roethlisbuergar01,,
3760,2,40,47,s_rosencrantz01,,
3744,1,48,78,s_junkpile_small02,,
3740,2,34,55,s_jhodfrey01,,
3735,3,83,15,sMiniSwordbaneLobby,,
3724,2,38,49,s_honus01,,
3712,1,58,64,s_wall_broken15,,
3680,2,40,46,s_schatzeder01,,
3680,2,40,46,s_socrates01,,
3672,1,54,68,s_cts_kneeling,,
3672,1,54,68,s_cts_hoopzFantomas,,
3666,2,39,47,s_governorLook,,
3648,1,48,76,s_water_tank01,,
3600,2,40,45,s_archambeau01,,
3600,2,36,50,s_hasdrubal01,,
3600,2,36,50,s_lucretia01,,
3584,14,16,16,s_mg_puzzlelock_button_sudoku,,
3584,1,32,112,s_columnsmall02,,
3584,1,32,112,s_biotek_slendertube01,,
3570,2,35,51,s_oolon01,,
3564,6,33,18,s_effect_affix_godless,,
3552,1,48,74,s_computer_desk_front01,,
3552,1,48,74,s_computer_nochair_front01,,
3550,1,50,71,s_diag_frame,,
3550,1,50,71,s_diag_frame_vrw,,
3526,1,41,86,s_tree_dead02,,
3525,1,47,75,s_qutlugh01,,
3504,1,48,73,s_pdt_geppetto_idle01,,
3500,4,35,25,s_watershadow_medium,,
3456,9,24,16,s_drawing_point,,
3456,3,48,24,s_hackScreen01,,
3456,1,72,48,s_chu_elevatorClosed01,,
3456,1,72,48,s_chu_elevatorOpen01,,
3420,9,20,19,s_effect_affix_narcotic,,
3404,1,46,74,s_durriyah01,,
3400,2,34,50,__newsprite2373,,
3388,1,44,77,s_statue_cuchu01,,
3384,2,36,47,s_ox01,,
3360,6,28,20,s_cgremlin_smallD,,
3360,6,28,20,s_cgremlin_smallU,,
3360,1,56,60,s_ugra01,,
3325,95,5,7,s_fn5,,
3325,95,5,7,s_fn_small,,
3300,6,22,25,s_mg_vrw_oli_avatar,,
3300,6,22,25,s_mg_vrw_player_rot,,
3300,2,33,50,s_gottler01,,
3277,1,113,29,s_backgroundControl,,
3277,1,113,29,s_beggingControl,,
3277,1,113,29,s_cdwarfControl,,
3277,1,113,29,s_coulombeControl,,
3277,1,113,29,s_curfewControl,,
3277,1,113,29,s_unboundControl,,
3277,1,113,29,s_cutsceneControl,,
3277,1,113,29,s_darkareaControl,,
3277,1,113,29,s_darknessControl,,
3277,1,113,29,s_deathControl,,
3277,1,113,29,s_dilapidatedControl,,
3277,1,113,29,s_dondiegoControl,,
3277,1,113,29,s_evacuationAlarmControl,,
3277,1,113,29,s_findzControl,,
3277,1,113,29,s_frogControl,,
3277,1,113,29,s_gutterhoundControl,,
3277,1,113,29,s_interiorControl,,
3277,1,113,29,s_mosquitoSoundControl,,
3277,1,113,29,s_musicControl,,
3277,1,113,29,s_notesControl,,
3277,1,113,29,s_pacifyControl,,
3277,1,113,29,s_pedestrianControl,,
3277,1,113,29,s_pollenControl,,
3277,1,113,29,s_rainControl,,
3277,1,113,29,s_roundmoundControl,,
3277,1,113,29,s_smogControl,,
3277,1,113,29,s_snowControl,,
3277,1,113,29,s_soundControl,,
3277,1,113,29,s_spawnControl,,
3277,1,113,29,s_stealthControl,,
3277,1,113,29,s_swampfogControl,,
3277,1,113,29,s_thunderstrikeControl,,
3277,1,113,29,s_untamoControl,,
3277,1,113,29,s_wadingControl,,
3277,1,113,29,s_waitInLineControl,,
3277,1,113,29,s_wifiControl,,
3277,1,113,29,s_windControl,,
3264,1,48,68,s_junkpile_small04,,
3248,1,58,56,s_machine_ll_monitor_left01,,
3248,1,58,56,s_machine_monitor_left01,,
3248,1,58,56,s_machine_ll_monitor_right01,,
3248,1,58,56,s_machine_monitor_right01,,
3248,1,58,56,s_hackInterface01,,
3248,1,58,56,s_hackExecutor01,,
3230,1,38,85,s_dnet_post_frame_avatar,,
3224,2,31,52,s_jeltsje01,,
3204,1,36,89,s_stupa_water01,,
3204,1,36,89,s_stupa_water02,,
3204,1,36,89,s_stupa_water04,,
3200,1,16,200,s_railing01,,
3192,2,38,42,s_lafferty01,,
3182,2,37,43,s_melqart01,,
3180,2,30,53,s_variable01,,
3168,1,33,96,s_tnn_ladder_slider01,,
3162,1,51,62,s_emilio01,,
3144,2,262,6,s_dnet_post_frame_section_wide_edges,,
3136,4,28,28,s_enemy_junkbot_poisongas_core,,
3136,1,56,56,mask_crescent_56_28,,
3120,3,26,40,s_fadima01,,
3120,1,48,65,s_junkpile_small01,,
3078,1,54,57,s_zola01,,
3075,3,25,41,sButtonFlip,,
3075,3,25,41,sButtonFlip1,,
3072,12,16,16,s_item_16,,
3072,6,16,32,s_techgizmo_biotek04,,
3072,4,48,16,s_waterfallPlunge,,
3072,4,48,16,s_biotek_cybercounter01,,
3072,3,32,32,s_mg_horse_race,,
3072,2,32,48,s_biotek_biotube03,,
3072,2,48,32,s_biotek_monitor01,,
3072,2,32,48,s_vrw_bartender01,,
3072,2,32,48,s_mg_organ_bucket,,
3072,1,48,64,sDoorSlab,,
3072,1,48,64,sDoorTech,,
3072,1,16,192,s_railing02,,
3072,1,64,48,s_skullpile01,,
3072,1,48,64,s_broken_tv02,,
3072,1,64,48,s_pdt_map01,,
3072,1,64,48,s_pdt_organwell01,,
3072,1,48,64,s_pdt_sign01,,
3072,1,48,64,s_pdt_grave01,,
3072,1,48,64,s_pdt_grave02,,
3072,1,48,64,s_pdt_grave03,,
3060,10,17,18,s_werecroc_gore,,
3060,2,34,45,s_cts_hoopzSit,,
3040,1,80,38,s_couch_full_back01,,
3040,1,80,38,s_couch_janky_back01,,
3008,1,64,47,s_tank_holding02,,
3000,3,25,40,s_brunwald01,,
3000,3,50,20,s_dnet_button_vote,,
3000,2,30,50,s_kim01,,
2976,2,31,48,s_ruthellenStand01,,
2970,1,66,45,s_tnn_feedingGround01,,
2968,1,53,56,s_heimdall01,,
2967,1,43,69,s_eric01,,
2950,1,50,59,s_junkpile_small03,,
2950,1,50,59,s_jadwiga01,,
2924,1,86,34,s_tnn_jerkinryStoresign,,
2904,2,33,44,s_perry01,,
2888,8,19,19,s_koboldBloodburst,,
2880,5,24,24,s_critter_swampfrog,,
2880,1,36,80,s_couch_janky_right01,,
2880,1,36,80,s_couch_janky_left01,,
2880,1,36,80,s_couch_full_right01,,
2880,1,36,80,s_couch_full_left01,,
2832,1,48,59,s_junkpile_small05,,
2829,3,23,41,s_pollux01,,
2812,4,37,19,s_ustation_gunscrollvert_arrow,,
2784,1,48,58,s_computer_desk_back01,,
2752,2,32,43,s_burglecut01,,
2736,8,19,18,s_obj_router01,,
2736,4,76,9,s_hud_dna,,
2728,2,31,44,s_lugner01,,
2700,12,15,15,s_dnet_button_pappy_controls01,,
2700,12,15,15,s_dnet_button_pappy_controls02,,
2700,12,15,15,s_dnet_button_pappy_controls03,,
2700,12,15,15,s_dnet_button_pappy_controls04,,
2700,12,15,15,s_dnet_button_pappy_controls05,,
2700,12,15,15,s_dnet_button_pappy_controls06,,
2700,1,270,10,s_dnet_post_frame_section_wide_center,,
2688,4,21,32,s_enemy_smCrabotron_leg,,
2660,10,14,19,s_curs2,,
2652,3,26,34,s_elcege01,,
2652,2,221,6,s_dnet_post_frame_section_narrow_edges,,
2646,1,42,63,s_chandragupta01,,
2640,8,22,15,s_turret_head,,
2640,5,24,22,s_effect_splash_small,,
2640,5,22,24,s_AlienBlood_small,,
2640,4,20,33,s_cDwarfAppear01,,
2640,4,20,33,s_cDwarfDispel01,,
2640,1,80,33,s_ustation_button_shine,,
2604,2,31,42,s_puannum01,,
2604,1,42,62,s_stationhitboxleft,,
2604,1,42,62,s_stationhitboxright,,
2600,1,50,52,s_guilderGothbard01,,
2596,1,44,59,s_pdt_geppetto_counter01,,
2592,1,48,54,s_tv_full_front01,,
2583,1,63,41,s_burglecut_bloated,,
2580,1,43,60,s_resume_photo,,
2574,2,33,39,s_jerkinRack01,,
2560,5,16,32,s_pdt_biotek_cache01,,
2560,2,80,16,s_mg_puzzlelock_button_connect,,
2560,1,40,64,s_primordia01,,
2560,1,40,64,s_omnidwarf01,,
2530,1,55,46,s_table_circle_setting01,,
2527,7,19,19,s_mg_elevator_frontpanel,,
2520,1,36,70,s_fridge01,,
2500,4,25,25,s_koboldBigBurst,,
2484,1,54,46,s_table_circle_wood01,,
2480,2,31,40,s_duergarC_head,,
2464,4,28,22,s_cgremlin_rocket_head,,
2448,8,18,17,s_effect_junkbot_missile_trail,,
2448,1,48,51,s_chair_accent_full_front01,,
2448,1,48,51,s_chair_accent_janky_front01,,
2442,2,33,37,s_mortimer_scared,,
2432,1,32,76,s_drum_stack01,,
2419,1,41,59,s_stupa04,,
2408,1,56,43,s_manhole,,
2400,3,50,16,s_dnet_button_reply,,
2400,1,48,50,s_tv_full_back01,,
2380,2,34,35,s_duergar_shield,,
2352,1,48,49,s_timelord01,,
2352,1,48,49,s_questlord01,,
2310,11,15,14,s_seagull_feather,,
2310,11,15,14,s_tengu_feather,,
2310,1,55,42,s_tree_trunk01,,
2304,4,24,24,s_ustation_OK,,
2304,4,24,24,s_ustation_CANCEL,,
2304,3,16,48,s_biotek_generator02,,
2304,3,16,48,s_pdt_biotek_panel01,,
2304,3,48,16,s_mg_star_button_confirm,,
2304,3,48,16,s_mg_star_button_exit,,
2304,3,48,16,s_mg_star_button_reset,,
2304,1,48,48,s_broken_tv01,,
2304,1,48,48,s_tree_vrw01,,
2304,1,48,48,s_pdt_biotek_table01,,
2304,1,48,48,sMiniEgg,,
2304,1,48,48,sMiniMechBG,,
2304,1,48,48,mask_disk_48by48,,
2304,1,48,48,mask_crescent_48_24,,
2304,1,48,48,s_LargeEnemy,,
2301,3,59,13,sMiniDanmakuTime,,
2300,4,23,25,s_putrefication_puff,,
2279,1,43,53,s_wilcy01,,
2268,7,18,18,s_bugflower_plant_gore,,
2250,2,25,45,s_iptehar01,,
2244,2,33,34,s_duergar_body,,
2210,1,221,10,s_dnet_post_frame_section_narrow_center,,
2209,1,47,47,s_hikingdwarf01,,
2204,1,58,38,s_robotHotelSign01,,
2200,5,22,20,s_egg_blue_pieces,,
2200,5,22,20,s_egg_green_pieces,,
2200,5,22,20,s_egg_purple_pieces,,
2200,5,22,20,s_egg_red_pieces,,
2200,5,22,20,s_egg_stone_pieces,,
2200,1,55,40,s_tree_trunk_moss01,,
2200,1,44,50,s_Intro_Hoopz_stand,,
2200,1,10,220,s_hud_scale_numbers,,
2184,1,42,52,s_net_captured,,
2184,1,52,42,s_benedict01,,
2184,1,42,52,s_granny01,,
2166,6,19,19,s_effect_jetpackSmoke,,
2166,1,38,57,s_tnn_res_wallcrack1,,
2150,1,50,43,s_obadiah01,,
2142,1,51,42,s_matthias01,,
2142,1,51,42,s_matthias02,,
2142,1,51,42,s_matthias03,,
2128,1,56,38,s_anxo01,,
2109,1,37,57,s_peleryte01,,
2090,10,11,19,s_hud_num,,
2088,58,6,6,s_fn3,,
2079,1,33,63,s_wiglaf01,,
2070,1,207,10,sMiniMagicWand,,
2064,1,48,43,s_wall_broken07,,
2058,1,49,42,s_catfish_head,,
2048,8,16,16,s_koboldMed_gibs,,
2048,8,16,16,s_mg_knocking_arrow,,
2048,8,16,16,s_hoopz_gunbot,,
2048,4,16,32,s_effect_ysk_candle,,
2048,4,16,32,s_pdt_biotek_switch01,,
2048,2,32,32,s_yulio_pixel01,,
2048,2,32,32,s_untamo,,
2048,2,32,32,s_mg_vrw_player_sad,,
2048,1,32,64,sDoorBiotek,,
2048,1,32,64,sDoorUndersewer0,,
2048,1,64,32,s_catfish_queen_beam,,
2048,1,32,64,s_air_column01,,
2048,1,32,64,s_air_column02,,
2048,1,32,64,s_air_column03,,
2048,1,32,64,s_apple_green01,,
2048,1,32,64,s_apple_green02,,
2048,1,32,64,s_apple_red01,,
2048,1,32,64,s_applered02,,
2048,1,32,64,s_biotek_biotube02,,
2048,1,32,64,s_giuseppe_dwarfNE02,,
2048,1,32,64,s_mg_challenge_kobold_gate,,
2048,1,32,64,sMiniJellyCap,,
2016,4,28,18,s_proj_bioSpit,,
2016,2,63,16,sMiniHorseButton,,
2016,1,36,56,s_stupa_water03,,
2014,1,53,38,s_yordano_bloated,,
2000,20,10,10,s_bull_salt,,
1989,1,51,39,s_tree_trunk_floating01,,
1984,4,16,31,s_enemy_crabotron_smokestack,,
1984,1,64,31,s_shop_counter01,,
1980,1,36,55,s_chair_accent_full_left01,,
1980,1,36,55,s_chair_accent_full_right01,,
1976,8,19,13,s_enemy_junkbot_missile,,
1968,1,48,41,s_table_dark_horz01,,
1968,1,48,41,s_table_worn_horz01,,
1953,31,7,9,s_effect_affix_rebasing,,
1952,1,32,61,s_machine_ll_gauges_left01,,
1952,1,32,61,s_machine_gauges_left01,,
1952,1,32,61,s_machine_ll_levers_right01,,
1952,1,32,61,s_machine_levers_right01,,
1952,1,32,61,s_ertharin01,,
1938,1,34,57,s_candyBowl01,,
1936,4,22,22,s_bee_medium,,
1936,2,44,22,s_tnn_storeOpenSign_On,,
1936,1,44,44,s_csAltar01,,
1924,1,37,52,s_uschi01,,
1920,5,6,64,sMiniNeedleHay,,
1920,2,48,20,s_mg_organ_exit,,
1875,3,25,25,s_effect_emotebubble,,
1856,1,32,58,s_tree_stump03,,
1855,1,35,53,s_gelasio01,,
1855,1,35,53,s_adelbrand01,,
1850,1,37,50,s_suzu01,,
1849,1,43,43,s_mg_booty_tablex,,
1848,2,33,28,s_rebelLever01,,
1845,1,45,41,s_tree_trunk_floating02,,
1840,1,46,40,s_table_dinner_horz01,,
1836,1,36,51,s_lafayette01,,
1824,1,48,38,s_chair_accent_back01,,
1824,1,48,38,s_chair_accent_janky_back01,,
1824,1,48,38,s_baldomeroFake01,,
1820,1,28,65,s_cuong01,,
1805,5,19,19,s_bull_gooburst_med,,
1798,1,31,58,s_tree_stump_water02,,
1792,7,16,16,s_effect_explo_16,,
1792,7,16,16,s_effect_raindrop_splash,,
1792,7,16,16,s_breakout_icon,,
1792,1,32,56,s_table_dark_vert01,,
1792,1,32,56,s_table_worn_vert01,,
1763,1,41,43,s_intro_Duergar_Patrol_stand,,
1755,1,45,39,s_carol01,,
1728,6,18,16,sMiniHorse,,
1728,3,24,24,s_seagull,,
1728,3,24,24,s_ustation_background_yellowbars,,
1728,1,54,32,s_wall_broken04,,
1715,1,35,49,s_elise01,,
1705,1,31,55,s_crystal_large01,,
1702,1,37,46,s_wilmer02,,
1700,1,34,50,__newsprite2241,,
1700,1,34,50,__newsprite2291,,
1700,1,34,50,__newsprite2293,,
1700,1,34,50,__newsprite2295,,
1700,1,34,50,__newsprite2297,,
1700,1,34,50,__newsprite2299,,
1700,1,34,50,__newsprite2309,,
1700,1,34,50,__newsprite2319,,
1700,1,34,50,__newsprite2343,,
1700,1,34,50,__newsprite2417,,
1700,1,34,50,__newsprite2457,,
1700,1,34,50,__newsprite2497,,
1700,1,34,50,__newsprite2501,,
1700,1,34,50,__newsprite2535,,
1700,1,34,50,__newsprite2573,,
1700,1,34,50,__newsprite2579,,
1700,1,34,50,__newsprite2583,,
1683,1,33,51,s_kalevi01,,
1680,3,80,7,s_mg_document_underline,,
1680,1,30,56,s_table_dinner_vert01,,
1674,1,54,31,s_shop_counter02,,
1674,1,54,31,s_wall_broken03,,
1664,8,16,13,s_bull_thornspray,,
1664,1,16,104,s_fencespecial02,,
1664,1,32,52,s_chu_elevatorControl01,,
1656,1,46,36,s_manhole_cover,,
1653,3,19,29,s_vrw_quest,,
1650,1,33,50,s_gunsalesman01,,
1650,1,30,55,s_marina01,,
1645,1,35,47,s_chu_pointNoReturn01,,
1632,6,16,17,s_effect_SludgeDrip,,
1632,1,48,34,s_computer_up01,,
1632,1,32,51,s_guilderGald01,,
1632,1,32,51,s_vrw_statue,,
1624,1,58,28,s_tnn_fcrack_md04,,
1620,2,270,3,s_dnet_post_frame_backdrop_edges,,
1620,1,36,45,s_lugnerEvil01,,
1612,1,31,52,s_TreasureDwarfChained,,
1600,1,40,40,s_effect_affix_mortal,,
1600,1,40,40,s_sabah01,,
1600,1,40,40,mask_crescent_40_20,,
1590,1,30,53,s_rutherford01,,
1584,1,36,44,s_beehive_medium,,
1584,1,33,48,s_euler01,,
1581,1,31,51,s_baldomero01,,
1566,1,29,54,s_tnn_zhang01,,
1560,1,30,52,s_bothild01,,
1551,1,33,47,s_firas01,,
1551,1,33,47,s_jindrich01,,
1550,1,31,50,s_lonnie01,,
1548,1,36,43,s_mushroom_big01,,
1536,6,16,16,s_effect_affix_zaubric,,
1536,6,16,16,s_spawn,,
1536,6,16,16,s_CandyGem,,
1536,2,16,48,s_pdt_biotek_locker01,,
1536,1,32,48,s_crate_wooden03,,
1536,1,32,48,s_crate_wooden04,,
1536,1,32,48,s_TallCrate,,
1536,1,32,48,s_crate_coal01,,
1536,1,32,48,s_broken_toilet01,,
1536,1,32,48,s_oven01,,
1536,1,32,48,s_biotek_biotube04,,
1536,1,32,48,s_tree_vrw02,,
1536,1,32,48,s_oldman01,,
1536,1,32,48,s_odia01,,
1536,1,32,48,s_lurd01,,
1536,1,48,32,s_pdt_biotek_disguise01,,
1536,1,32,48,s_mg_defense_post,,
1536,1,32,48,s_gzdebug0,,
1534,2,59,13,s_iselect,,
1530,1,34,45,s_birchard01,,
1530,1,30,51,s_govWatcher04,,
1519,1,31,49,__newsprite2227,,
1512,1,27,56,s_frampton01,,
1508,2,29,26,sMiniSwordbaneBlue,,
1504,1,32,47,s_tank_holding01,,
1503,1,9,167,s_fencespecial01,,
1500,1,25,60,s_daliborka01,,
1496,1,34,44,s_rudolph01,,
1488,1,31,48,s_gaspar01,,
1484,1,53,28,s_hud_gun,,
1482,1,38,39,s_cart_mine_empty01,,
1482,1,38,39,s_cart_mine_full01,,
1479,1,29,51,s_govWatcher01,,
1470,1,35,42,s_meinhardt01,,
1458,1,54,27,s_tree_trunk_moss02,,
1458,1,54,27,s_tree_trunk02,,
1458,1,27,54,s_florian01,,
1456,4,26,14,s_Flash_Goop,,
1456,1,28,52,s_wilhelmina01,,
1452,1,33,44,s_vudamot01,,
1450,1,29,50,s_Dwarf3_stand,,
1449,1,69,21,s_boss_crabcommander_leg_SW_shadow_prev,,
1440,10,12,12,s_bball01,,
1440,5,16,18,s_hud_wifi,,
1440,1,32,45,s_cts_hoopzCampSW,,
1431,1,27,53,s_milia01,,
1430,10,11,13,sMiniDanmakuFont,,
1428,4,17,21,sMiniBabbyGuyWin,,
1426,1,31,46,s_vercingetorix01,,
1424,2,89,8,sMiniBabbyShekel,,
1419,1,33,43,s_tnn_fcrack_md05,,
1410,1,30,47,s_bouncer01,,
1410,1,30,47,s_oldManJedidiah01,,
1395,1,31,45,s_tatiana01,,
1394,1,34,41,s_nico01,,
1377,1,27,51,s_ignacy01,,
1376,1,32,43,s_dubuque01,,
1372,1,28,49,s_babo01,,
1372,1,28,49,s_dubre01,,
1372,1,28,49,s_hector01,,
1368,4,18,19,s_cgremlin_small_gibs,,
1368,1,36,38,s_cart_ll_shopping02,,
1368,1,36,38,s_cart_shopping01,,
1363,1,29,47,s_Dwarf4_stand,,
1350,6,15,15,s_dnet_system_skin,,
1350,2,25,27,s_nene01,,
1350,1,25,54,s_shi01,,
1344,1,28,48,s_cabinet_worn_front01,,
1344,1,28,48,s_mosquera01,,
1344,1,28,48,s_cuthbert01,,
1344,1,32,42,s_banquo01,,
1333,1,31,43,s_tnn_boardwindw,,
1326,1,34,39,s_tree_stump01,,
1325,1,25,53,s_govWatcher06,,
1323,1,27,49,s_govWatcher07,,
1320,1,30,44,s_Dwarf5_stand,,
1320,1,30,44,s_Dwarf6_stand,,
1320,1,30,44,s_lugnerTimid01,,
1316,1,28,47,s_Dwarf1_stand,,
1311,1,57,23,s_hud_ammo,,
1302,1,31,42,s_pipe_ll_dual_left01,,
1302,1,31,42,s_pipe_ll_dual_right01,,
1300,1,26,50,s_bernice01,,
1280,20,8,8,s_stageHazard_glassShards,,
1280,5,16,16,s_mg_defense_ally_portrait,,
1280,2,20,32,sMiniBabbyTree,,
1280,1,40,32,s_enemy_smCrabotron_head,,
1280,1,40,32,s_enemy_drone,,
1280,1,16,80,s_outcrop_brick01,,
1280,1,16,80,s_outcrop_brick02,,
1280,1,16,80,s_mines_pole01,,
1280,1,16,80,s_outcrop_left02,,
1280,1,16,80,s_outcrop_right01,,
1280,1,16,80,s_outcrop_right02,,
1280,1,40,32,s_mg_booty_table,,
1280,1,40,32,mask_disk_40by32,,
1276,1,29,44,s_christina01,,
1274,1,26,49,s_amark01,,
1274,1,26,49,s_grieg01,,
1269,1,27,47,s_kathleen01,,
1260,4,21,15,s_watershadow_small,,
1260,1,30,42,s_lagertha01,,
1248,1,16,78,s_pipe_wall_left01,,
1248,1,16,78,s_pipe_wall_right02,,
1248,1,16,78,s_outcrop_left01,,
1248,1,48,26,s_tnn_fcrack_md01,,
1247,1,29,43,s_small_dwarf_stand,,
1247,1,29,43,s_guiseppe01,,
1240,1,40,31,s_batteredDwarf01,,
1232,1,44,28,s_throne01,,
1232,1,28,44,s_sviatoslav01,,
1232,1,28,44,s_waldo01,,
1230,1,30,41,s_compson01,,
1222,1,26,47,s_jacques01,,
1218,1,29,42,s_malmfrid01,,
1215,1,27,45,s_amalberga01,,
1215,1,27,45,s_ilme01,,
1204,43,4,7,s_mg_elevator_numbers,,
1200,12,10,10,s_dnet_slider,,
1200,3,20,20,s_air_entryPanel01,,
1200,1,25,48,s_fede01,,
1196,1,26,46,s_tor01,,
1189,1,29,41,s_gomer01,,
1189,1,29,41,s_pax_slave03,,
1183,7,13,13,s_catfish_bloodsmall,,
1176,1,49,24,mask_hud_gunicon,,
1176,1,49,24,s_hud_pistols,,
1176,1,49,24,s_hud_flintlock,,
1176,1,49,24,s_hud_machinepistol,,
1176,1,49,24,s_hud_revolvers,,
1176,1,49,24,s_hud_magnum,,
1176,1,49,24,s_hud_flaregun,,
1176,1,49,24,s_hud_rifle,,
1176,1,49,24,s_hud_musket,,
1176,1,49,24,s_hud_huntingrifle,,
1176,1,49,24,s_hud_tranqrifle,,
1176,1,49,24,s_hud_sniper,,
1176,1,49,24,s_hud_assaultrifle,,
1176,1,49,24,s_hud_smg,,
1176,1,49,24,s_hud_heavymachinegun,,
1176,1,49,24,s_hud_gatlinggun,,
1176,1,49,24,s_hud_minigun,,
1176,1,49,24,s_hud_mitrailleuse,,
1176,1,49,24,s_hud_shotgun,,
1176,1,49,24,s_hud_doubleshotgun,,
1176,1,49,24,s_hud_revshotgun,,
1176,1,49,24,s_hud_elephantgun,,
1176,1,49,24,s_hud_rocket,,
1176,1,49,24,s_hud_bfg,,
1176,1,49,24,s_hud_leafblower,,
1176,1,49,24,s_hud_flamethrower,,
1176,1,49,24,s_hud_crossbow,,
1175,1,25,47,s_gorandukht01,,
1170,1,39,30,s_tnn_cuchuads1,,
1160,1,40,29,s_radiator_left01,,
1155,11,15,7,s_effect_puddle_small01,,
1152,2,24,24,s_dnet_cursor,,
1152,2,24,24,s_critter_swampbird,,
1152,1,24,48,s_delphine01,,
1152,1,36,32,s_bombx01,,
1152,1,96,12,sMiniSwordbaneShine,,
1147,1,37,31,s_barrel_big_fallen01,,
1147,1,37,31,s_barrel_big_fallen03,,
1144,1,26,44,s_fievel01,,
1134,1,27,42,s_aefleda01,,
1134,1,27,42,s_doris01,,
1128,1,24,47,s_tnn_cuchuads2,,
1128,1,24,47,s_vortigern01,,
1125,1,25,45,s_cruce01,,
1125,1,25,45,s_ilyich01,,
1125,1,25,45,s_darkDraker01,,
1125,1,25,45,s_deaconBrimble01,,
1120,1,32,35,s_aquarium05,,
1120,1,28,40,s_giuseppe02,,
1120,1,28,40,s_pax_slave04,,
1120,1,28,40,s_pax_slave01,,
1116,1,36,31,s_enemy_ratNest,,
1107,1,27,41,s_govWatcher05,,
1100,1,25,44,s_govWatcher02,,
1092,1,26,42,s_bea01,,
1092,1,26,42,s_ronald01,,
1088,17,8,8,sZHeight,,
1088,1,32,34,s_table_square_darkwood01,,
1088,1,32,34,s_table_square_lightwood01,,
1083,1,57,19,s_effect_affix_zaubric_cloud,,
1056,1,24,44,s_alice01,,
1050,1,35,30,s_alienMenace_small,,
1044,1,36,29,s_fruitbasket01,,
1040,5,16,13,s_bull_foam,,
1032,1,24,43,s_ramona01,,
1025,1,25,41,s_egidius01,,
1024,16,8,8,s_bull,,
1024,4,16,16,s_effect_audiolog,,
1024,4,16,16,s_boss_crabcommander_shrapnel,,
1024,4,16,16,s_enemy_crabotron_photon,,
1024,4,16,16,s_bee_small,,
1024,4,16,16,s_diag_edge,,
1024,4,16,16,s_diag_edge_vrw,,
1024,4,16,16,s_ability_16,,
1024,4,16,16,s_mg_finding_zs_z_graveyard,,
1024,4,16,16,s_mg_finding_zs_z_house,,
1024,4,16,16,s_mg_organ_heart,,
1024,4,16,16,s_coll,,
1024,4,16,16,s_bubble_birther,,
1024,4,16,16,s_proj_peeperShot,,
1024,4,16,16,s_toxic_bubble,,
1024,4,16,16,s_toxic_xplosion,,
1024,2,16,32,s_techgizmo_biotek05,,
1024,1,32,32,s_test_bonfire,,
1024,1,32,32,s_door_light_editor_icon,,
1024,1,32,32,s_doorlight_fix,,
1024,1,32,32,s_effect_affix_TEMP,,
1024,1,32,32,s_mtnpassJar,,
1024,1,32,32,s_distributor,,
1024,1,32,32,s_distributor_junkparts,,
1024,1,32,32,s_distributor_seagull,,
1024,1,32,32,s_sink01,,
1024,1,32,32,s_toilet01,,
1024,1,16,64,s_stairwell_railing_left01,,
1024,1,16,64,s_stairwell_railing_right01,,
1024,1,32,32,s_crate_ll_wooden01,,
1024,1,32,32,s_boxes_ll_pile01,,
1024,1,32,32,s_crate_wooden01,,
1024,1,32,32,s_crate_wooden_open01,,
1024,1,32,32,s_crate_wooden02,,
1024,1,32,32,s_Crate,,
1024,1,32,32,s_boxes_pile01,,
1024,1,16,64,s_fence01,,
1024,1,16,64,s_fence02,,
1024,1,16,64,s_fence03,,
1024,1,16,64,s_fence04,,
1024,1,16,64,s_fence05,,
1024,1,16,64,s_fence06,,
1024,1,16,64,s_fence07,,
1024,1,16,64,s_fence08,,
1024,1,16,64,s_fence15,,
1024,1,32,32,s_broken_monitor01,,
1024,1,32,32,s_broken_monitor02,,
1024,1,32,32,s_wasteland_buoy01,,
1024,1,32,32,s_wasteland_buoy02,,
1024,1,32,32,s_wasteland_buoy03,,
1024,1,32,32,s_wasteland_buoy04,,
1024,1,32,32,s_aquarium04,,
1024,1,16,64,s_pipe07,,
1024,1,32,32,s_bush01,,
1024,1,32,32,s_grass_water01,,
1024,1,32,32,s_grass01,,
1024,1,32,32,s_rock_ll_02,,
1024,1,32,32,s_wall_broken13,,
1024,1,32,32,s_pedestrianEntrance,,
1024,1,32,32,s_pedestrianExit,,
1024,1,32,32,s_pedestrianWaypoint,,
1024,1,32,32,s_bombCrate01,,
1024,1,32,32,s_pdt_mud01,,
1024,1,32,32,s_dnet_backdrop01,,
1024,1,32,32,s_mg_organ_stomach,,
1024,1,32,32,s_vrw_untamo_shadow,,
1024,1,32,32,s_eventCollision_circle,,
1024,1,32,32,s_eventCollision_square,,
1024,1,32,32,s_semisolid_circle,,
1024,1,32,32,s_semisolid_tri1,,
1024,1,32,32,s_semisolid_tri2,,
1024,1,32,32,s_semisolid_tri3,,
1024,1,32,32,s_semisolid_tri4,,
1024,1,32,32,s_solid_circle,,
1024,1,32,32,s_solid_tri1,,
1024,1,32,32,s_solid_tri2,,
1024,1,32,32,s_solid_tri3,,
1024,1,32,32,s_solid_tri4,,
1024,1,32,32,mask_disk_32by32,,
1024,1,32,32,mask_crescent_32_16,,
1024,1,32,32,s_map_ladder,,
1024,1,32,32,s_map_cliffslide,,
1024,1,32,32,s_map_wind,,
1024,1,32,32,s_map_height,,
1024,1,32,32,s_map_stairs_0,,
1024,1,32,32,s_map_stairs_0z,,
1024,1,32,32,s_map_stairs_1,,
1024,1,32,32,s_map_stairs_1z,,
1024,1,32,32,s_map_stairs_2,,
1024,1,32,32,s_map_stairs_2z,,
1024,1,32,32,s_ustation_pocket_itemDelete,,
1024,1,32,32,s_stageHazard_sewerSludge,,
1008,1,16,63,s_fencespecial03,,
999,1,27,37,s_barrel_big_fallen02,,
999,1,27,37,s_barrel_big_fallen04,,
992,1,32,31,s_cgremlin_slash,,
992,1,16,62,s_pipe_wall_right01,,
992,1,31,32,s_rock_water01,,
992,1,32,31,s_cuchulainnPlaque01,,
980,7,14,10,s_effect_wading_wave,,
972,1,27,36,s_cosette01,,
968,1,44,22,s_tnn_storeOpenSign_Off,,
957,1,33,29,s_tnn_fcrack_md02,,
950,1,25,38,s_grigor01,,
946,1,22,43,s_radu01,,
940,1,94,10,sMiniBabbyText,,
936,3,13,24,s_enemy_crabotron_photonblast,,
936,1,26,36,s_kelpster01,,
936,1,26,36,s_lemuel01,,
930,1,30,31,s_molotovRubble,,
928,1,29,32,s_bush02,,
925,1,25,37,s_lawrenceGame01,,
924,4,11,21,s_ustation_pocket_scrollhori,,
924,1,33,28,s_hoopLock01,,
903,1,43,21,s_tnn_fcrack_md03,,
900,4,15,15,s_flareshot,,
900,1,30,30,sMiniMechSprite9,,
896,2,16,28,s_oilDrum,,
896,1,16,56,s_lamp_standing01,,
896,1,32,28,s_aquarium02,,
896,1,32,28,s_aquarium03,,
896,1,32,28,s_aquarium06,,
896,1,32,28,s_aquarium07,,
896,1,32,28,s_rock_water02,,
896,1,32,28,s_rock02,,
896,1,112,8,s_hud_shield,,
891,9,11,9,s_dnet_button_subforum_pages,,
882,18,7,7,sMiniDanmakuRock,,
864,1,24,36,s_barrel_big01,,
864,1,24,36,s_barrel_big02,,
851,1,23,37,s_ruthellenGame01,,
841,1,29,29,s_catfish_atk_spark,,
832,1,26,32,s_barrel_wood01,,
832,1,26,32,s_barrel_ll_wood01,,
814,1,22,37,s_govWatcher03,,
810,1,54,15,s_m_bhoverblank,,
810,1,54,15,s_m_bselectedblank,,
806,1,26,31,s_mushroom_small01,,
800,8,10,10,s_dnet_button_poll,,
800,1,40,20,s_tnn_HousingSign,,
792,6,12,11,s_effect_electricspark,,
792,6,12,11,s_effect_magician_shot,,
792,4,11,18,sMiniBabbyGuy,,
784,4,14,14,s_bull_stone_large,,
784,4,14,14,s_mg_document_arrow,,
784,1,28,28,s_catfish_atk_bubble,,
784,1,28,28,s_catfish_atk_bubble_burst,,
784,1,28,28,mask_disk_28by28,,
783,1,29,27,s_hectorsDog01,,
768,12,8,8,s_mg_star_cube,,
768,12,8,8,s_mg_star_icons,,
768,3,16,16,s_money,,
768,3,16,16,s_pdt_biotek_alarm01,,
768,3,16,16,s_pdt_biotek_documents01,,
768,3,16,16,s_encounterEditor_icons,,
768,1,16,48,s_stairwell_railing_center01,,
768,1,16,48,s_grate01,,
768,1,16,48,s_mines_fence01,,
768,1,16,48,s_mines_fence02,,
768,1,16,48,s_mines_fence03,,
768,1,16,48,s_mines_fence04,,
768,1,16,48,s_mines_pole02,,
768,1,16,48,s_tree_vrw03,,
768,1,48,16,sSewerBridge0p,,
768,1,16,48,sSewerBridge0lrp,,
768,1,32,24,s_map_zladder,,
756,1,27,28,s_tire_water01,,
754,1,26,29,s_trash_ll_bag01,,
748,2,17,22,sMiniBabbyGuyJump,,
740,1,20,37,s_skullpep,,
720,3,15,16,s_qicon,,
720,2,12,30,s_hud_charge,,
720,1,24,30,s_beehive_small,,
720,1,30,24,s_tire_laying01,,
720,1,30,24,s_tire_ll_laying01,,
704,11,8,8,s_alienMenace_egg_gibs,,
702,1,26,27,s_trash_ll_bag03,,
700,7,10,10,s_resist_icons,,
676,1,26,26,s_item_border,,
672,3,14,16,s_mg_puzzlelock_button_puzzle,,
672,1,32,21,s_Flamethrower_Drop,,
672,1,32,21,s_ruthellenStuff01,,
660,1,33,20,s_tnn_cuthbert_sign1,,
658,1,14,47,s_csGround01,,
648,2,18,18,s_hud_pocket,,
640,10,8,8,s_mg_star_snake,,
630,1,42,15,s_pdt_biotek_vials01,,
629,1,17,37,s_tnn_res_wallcrack2,,
625,1,25,25,s_tnn_res_wallcrack3,,
624,3,16,13,s_bull_arrow,,
624,1,26,24,s_rock01,,
616,2,44,7,s_slider_bar,,
608,2,19,16,s_mg_vrw_untamo_drink,,
608,1,16,38,s_boss_mtnpass_spirit_statue,,
605,5,11,11,s_enemy_crabotron_photon_glob,,
600,6,10,10,s_dnet_button_scroll01,,
600,6,10,10,s_dnet_button_scroll02,,
600,6,10,10,s_dnet_button_scroll03,,
600,6,10,10,s_dnet_button_scroll04,,
600,6,10,10,s_dnet_button_scroll05,,
600,6,10,10,s_dnet_button_scroll06,,
578,1,17,34,s_railing18,,
576,4,12,12,s_statInspector_icon,,
576,1,9,64,s_wall_broken05,,
576,1,9,64,s_wall_broken16,,
576,1,24,24,sMiniDanmakuShip,,
576,1,24,24,mask_disk_24by24,,
576,1,24,24,mask_crescent_24_12,,
576,1,24,24,s_spawnSelect,,
576,1,24,24,s_SmallEnemy,,
573,1,191,3,sMiniBabbyDirt,,
567,3,21,9,s_bull_goo_large,,
561,3,17,11,s_mg_elevator_button,,
561,1,17,33,s_railing11,,
561,1,17,33,s_railing13,,
561,1,17,33,s_railing16,,
560,4,14,10,s_bull_rubber,,
550,5,10,11,s_jp_punctuation_fn2,,
540,1,27,20,s_tnn_cuthbert_sign3,,
531,1,59,9,s_textbox,,
512,8,8,8,s_mg_star_ufo,,
512,8,8,8,s_critter_watersnake,,
512,2,16,16,s_enemy_crabotron_smokepuff,,
512,2,16,16,s_gun_heart,,
512,2,16,16,s_sewer_switch01,,
512,2,16,16,s_pdt_dondiego_letter01,,
512,2,16,16,s_mg_creepypasta_rating_star,,
512,2,16,16,s_dnet_new_replies,,
512,2,16,16,s_mg_finding_zs_z,,
512,2,16,16,s_mg_wait_spot01,,
512,2,16,16,s_mg_wait_spot02,,
512,2,16,16,s_mg_wait_spot03,,
512,2,16,16,s_mg_wait_spot04,,
512,2,16,16,s_mg_wait_spot05,,
512,2,16,16,s_mg_wait_spot06,,
512,2,16,16,s_mg_wait_spot07,,
512,2,16,16,s_mg_wait_spot08,,
512,2,16,16,s_mg_wait_spot09,,
512,2,16,16,s_mg_wait_spot10,,
512,2,16,16,s_mg_wait_spot11,,
512,2,16,16,s_mg_wait_spot12,,
512,2,16,16,s_mg_wait_spot13,,
512,2,16,16,s_mg_vrw_oli_bg,,
512,1,32,16,s_doorlight_down,,
512,1,16,32,s_doorlight_left,,
512,1,16,32,s_doorlight_right,,
512,1,32,16,s_doorlight_up,,
512,1,16,32,s_drum_open01,,
512,1,16,32,s_chair_wood_front01,,
512,1,16,32,s_chair_wood_left01,,
512,1,16,32,s_chair_wood_right01,,
512,1,16,32,s_tree_stump_vrw01,,
512,1,16,32,s_tree_stump_vrw02,,
512,1,32,16,s_rock_ll_03,,
512,1,16,32,s_table_counter01,,
512,1,16,32,s_table_counter02,,
512,1,16,32,s_table_counter03,,
512,1,16,32,s_table_counter04,,
512,1,16,32,s_table_counter05,,
512,1,16,32,s_table_counter06,,
512,1,16,32,s_wall_broken10,,
512,1,32,16,s_physSuperShot,,
512,1,32,16,s_bull_thorns,,
512,1,16,32,s_chu_callButtonLobby01,,
512,1,16,32,s_chu_callButton666th01,,
512,1,32,16,s_pdt_biotek_hurvirus_jar01,,
512,1,32,16,s_pdt_geppetto_note,,
512,1,16,32,s_pdt_alice_flower01,,
512,1,16,32,s_mg_star_hell,,
512,1,32,16,icon_shortcrate,,
512,1,32,16,icon_tallcrate,,
512,1,32,16,s_mg_fishing_fish,,
506,1,22,23,s_box_water01,,
506,1,22,23,s_pdt_biotek_bucket01,,
504,2,18,14,s_vrw_spinbase,,
504,1,28,18,sMiniBabbyWah,,
496,1,16,31,s_grass_water02,,
496,1,16,31,s_grass02,,
496,1,16,31,s_crystal_small01,,
496,1,16,31,s_crystal_small02,,
494,1,26,19,s_mg_stealth_nose,,
484,4,11,11,s_bull_gooburst_small,,
484,4,11,11,s_dnet_favorited,,
483,1,23,21,s_junkworm_head,,
480,5,8,12,s_bioZauber01,,
480,1,40,12,s_tnn_cuthbert_sign4,,
464,1,16,29,s_grass_water05,,
464,1,16,29,s_grass05,,
460,1,20,23,s_turret_base,,
456,1,19,24,sMiniSwordbaneRed,,
450,1,18,25,s_enemy_crabbold_shot,,
448,1,16,28,s_drum01,,
448,1,16,28,s_drum_marked01,,
448,1,16,28,s_drum_ll_01,,
448,1,28,16,s_beggingRug01,,
448,1,28,16,s_obj_books01,,
441,1,21,21,s_tnn_HousingText,,
440,1,22,20,s_tnn_cuthbert_sign2,,
432,4,18,6,s_effect_lifebar,,
432,3,12,12,s_mg_puzzlelock_button_exit,,
432,1,18,24,s_trash_ll_bag04,,
432,1,16,27,s_cattail03,,
432,1,16,27,s_cattail_water03,,
432,1,9,48,s_hud_scale_curve,,
430,1,43,10,s_mg_vrw_oli_version,,
425,1,17,25,s_railing12,,
420,1,14,30,s_hud_scale,,
414,1,23,18,s_gbl_note01,,
408,1,17,24,s_railing17,,
405,3,27,5,s_health,,
400,4,10,10,s_effect_affix_restoring,,
400,4,10,10,s_bull_stone,,
400,1,20,20,s_trash_ll_bag02,,
400,1,20,20,s_mg_defense_ally_health,,
400,1,20,20,s_dnet_backdrop03,,
400,1,20,20,mask_disk_20by20,,
384,2,24,8,s_zauberCasting_target,,
384,1,16,24,s_chair_wood_back01,,
384,1,16,24,s_boss_mtnpass_mynthos_icicle,,
378,1,21,18,s_tnn_fcrack_sm01,,
378,1,21,18,s_tnn_fcrack_sm05,,
368,1,16,23,s_grass_water03,,
368,1,16,23,s_grass03,,
368,1,16,23,s_poster04,,
364,1,26,14,s_mg_organ_backdrop,,
360,1,20,18,s_tnn_fcrack_sm03,,
352,1,16,22,s_grass_water04,,
352,1,16,22,s_grass04,,
352,1,11,32,s_cattail02,,
352,1,11,32,s_cattail_water02,,
336,4,12,7,sMiniBabbyBird,,
336,1,16,21,s_chair_stool_darkwood01,,
336,1,16,21,s_chair_stool_metal01,,
336,1,16,21,s_chair_stool_wood01,,
336,1,16,21,s_trashcan_empty01,,
336,1,16,21,s_trashcan_full01,,
324,3,9,12,s_curs_gunmode_shootspark,,
324,1,18,18,s_ustation_pocket_schematicSelect,,
320,5,8,8,s_enemy_crabotron_photonarea_spark,,
320,5,8,8,s_GunSpark,,
304,1,16,19,s_beehive_tiny,,
304,1,16,19,s_boss_mtnpass_spirit_bomb,,
304,1,16,19,s_boss_mtnpass_spirit_shield,,
300,10,5,6,sMiniBabbyFont,,
289,1,17,17,s_enemy_crabotron_ball,,
288,2,12,12,s_AI_exclamation,,
288,2,12,12,s_enemy_rat_bones,,
288,1,9,32,s_cattail_water01,,
285,1,15,19,s_tnn_rustedboard,,
280,8,7,5,s_effect_puddle_small03,,
273,3,13,7,s_bull_goo_med,,
270,1,270,1,s_dnet_post_frame_backdrop_center,,
260,2,13,10,s_more,,
260,1,20,13,s_zauberCasting_aim,,
256,4,8,8,s_bee_tiny,,
256,4,8,8,s_bull_bioshot,,
256,4,8,8,s_bull_cosmicshot,,
256,4,8,8,s_bull_cybershot,,
256,4,8,8,s_bull_mentalshot,,
256,4,8,8,s_bull_zaubershot,,
256,1,16,16,s_item_scrollwpn,,
256,1,16,16,s_doorlight,,
256,1,16,16,s_effect_raindrop_splash_marker,,
256,1,16,16,s_fence11,,
256,1,16,16,s_fence12,,
256,1,16,16,s_onion01,,
256,1,16,16,s_carrot01,,
256,1,16,16,s_cabbage01,,
256,1,16,16,s_rock_ll_04,,
256,1,16,16,s_table_counter07,,
256,1,16,16,s_table_counter08,,
256,1,16,16,s_obj_bell01,,
256,1,16,16,mask_hoopz,,
256,1,16,16,s_diag_bg,,
256,1,16,16,s_diag_bg_vrw,,
256,1,16,16,s_item_arrow,,
256,1,16,16,s_hud_futuregrid,,
256,1,16,16,s_audiolog,,
256,1,16,16,s_mg_elevator_door_light,,
256,1,16,16,s_mg_hidden_candy,,
256,1,16,16,s_mg_hidden_money,,
256,1,16,16,s_mg_organ_spleen,,
256,1,16,16,s_mg_organ_kidney,,
256,1,16,16,s_mg_star_necron7,,
256,1,16,16,s_mg_stealth_sound_spot,,
256,1,16,16,s_mg_stealth_trigger,,
256,1,16,16,s_mg_vrw_talk_bubble,,
256,1,16,16,s_semisolid16,,
256,1,16,16,s_solid16,,
256,1,16,16,s_wading16,,
256,1,16,16,s_gauntletWall,,
256,1,16,16,s_arenaSemisolid,,
256,1,16,16,s_arenaWall,,
256,1,16,16,mask_rect_16by16,,
256,1,16,16,mask_disk_16by16,,
256,1,16,16,mask_crescent_16_8,,
256,1,16,16,icon_camera,,
256,1,16,16,icon_parent,,
256,1,16,16,s_TinyEnemy,,
256,1,16,16,s_cinema_marker_0,,
256,1,16,16,s_cinema_marker_1,,
256,1,16,16,s_cinema_marker_2,,
256,1,16,16,s_cinema_marker_3,,
256,1,16,16,s_cinema_marker_4,,
256,1,16,16,s_cinema_marker_5,,
256,1,16,16,s_cinema_marker_6,,
256,1,16,16,s_cinema_marker_7,,
256,1,16,16,s_cinema_marker_8,,
256,1,16,16,s_cinema_marker_9,,
256,1,16,16,s_bball,,
256,1,16,16,s_bball_zone,,
256,1,16,16,s_teleport_mark,,
256,1,16,16,s_stageHazard_glassShardsSpawn,,
256,1,16,16,s_stageHazard_steamSpawn,,
255,1,17,15,sMiniBabbyBush,,
250,1,25,10,s_dnet_thread_poll,,
240,1,16,15,s_grass_water06,,
240,1,20,12,s_pedestrian_mask,,
224,2,14,8,s_slider,,
224,1,7,32,s_cattail01,,
224,1,16,14,s_tnn_fcrack_sm02,,
216,3,12,6,s_bull_goo_small,,
216,2,6,18,s_bull_o,,
210,6,1,35,s_dnet_statusbar,,
210,1,15,14,s_tnn_fcrack_sm04,,
208,1,16,13,s_catfish_atk_dart,,
208,1,16,13,s_catfish_atk_dart_stuck,,
208,1,16,13,s_catfish_atk_poisondart,,
208,1,16,13,s_catfish_atk_poisondart_stuck,,
208,1,8,26,s_railing19,,
208,1,8,26,s_railing20,,
208,1,16,13,s_grass06,,
200,2,10,10,s_hud_tinyIcons,,
200,1,8,25,s_railing21,,
200,1,8,25,s_railing22,,
196,4,7,7,s_effect_rubble_rocks,,
196,4,7,7,s_bull_coin,,
196,4,7,7,s_bull_stone_small,,
195,1,13,15,s_winhand,,
192,3,8,8,s_splash,,
192,3,8,8,s_mg_star_vortex,,
192,1,6,32,s_hud_futureline_ud,,
189,7,9,3,s_health_bar,,
182,2,7,13,s_pdt_mudspray,,
180,1,15,12,s_sentinel_missile,,
180,1,18,10,s_pdt_biotek_sunglasses01,,
176,1,11,16,s_sfxemitter,,
168,1,12,14,s_return,,
168,1,12,14,s_return_vrw,,
162,2,9,9,s_curs_gunmode,,
160,1,10,16,s_wincurs,,
156,1,12,13,sMiniBabbyGuyHurt,,
147,3,7,7,s_bull_gooburst_tiny,,
144,9,4,4,s_mosquito,,
144,9,4,4,s_ericFly,,
144,1,9,16,s_fence09,,
144,1,9,16,s_fence10,,
144,1,9,16,s_fence13,,
144,1,9,16,s_fence14,,
144,1,18,8,s_weaponMask,,
144,1,12,12,s_bull_untamonium,,
144,1,12,12,s_ustation_dna_orb,,
140,2,7,10,s_boss_skullpadre,,
140,1,14,10,s_lemuelBowl01,,
136,1,8,17,s_railing14,,
136,1,8,17,s_railing15,,
128,1,8,16,s_net_peg,,
128,1,16,8,s_physShot,,
126,1,126,1,s_mortgageLine02,,
120,3,5,8,s_dnet_post_pip,,
112,7,4,4,s_mg_organ_blood,,
108,3,6,6,s_curs,,
100,4,5,5,s_boss_corpseblossom_pollen,,
100,4,5,5,s_boss_corpseblossom_pollen_2,,
100,4,5,5,s_boss_corpseblossom_pollen_3,,
96,1,16,6,s_hud_futureline,,
90,3,10,3,s_bull_goo_tiny,,
90,1,10,9,s_selection_arrow,,
81,1,9,9,s_enemy_rat_bloodDrop,,
81,1,9,9,sMiniBabbySock,,
80,1,1,80,s_mg_elevator_door_light_beam,,
70,1,10,7,s_sentinel_rocket,,
64,4,4,4,s_bull_stone_tiny,,
64,1,8,8,s_enemy_smCrabotron_ball,,
64,1,1,64,sMiniJellyLine0,,
64,1,64,1,sMiniJellyLine1,,
64,1,8,8,s8x8,,
64,1,8,8,s_mg_techgrid,,
64,1,8,8,s_semisolid8,,
64,1,8,8,s_solid8,,
64,1,8,8,s_wading8,,
64,1,8,8,mask_rect_8by8,,
60,6,10,1,s_dnet_scrollbar,,
55,1,11,5,s_casing,,
52,2,1,26,s_mg_dimGradient,,
48,3,4,4,s_effect_shitsmoke,,
48,1,8,6,sMiniBabbyRock,,
40,1,5,8,sMiniBabby,,
36,1,6,6,s_hud_futureline_corner,,
25,1,5,5,s_effect_affix_adhesive,,
25,1,5,5,s_mapmark,,
16,1,4,4,mask_rect_4by4,,
12,12,1,1,s_effect_raindrop_splash_small,,
8,1,4,2,s_rmscore_frame,,
4,1,2,2,s_2x2,,
4,1,2,2,sMiniColor,,
4,1,2,2,sMiniSwordbane2,,
3,3,1,1,s_effect_geppettos_teardrop,,
1,1,1,1,s_null,,
1,1,1,1,s_effect_deathstar,,
1,1,1,1,emptySprite,,
1,1,1,1,s_1,,
1,1,1,1,s1x1,,
1,1,1,1,s_empty,,
1,1,1,1,s_empty_offset,,
1,1,1,1,s_pixel,,
0,0,32,32,s_to_add_check_scr_portrait,,
